PMID,CONSORT_item,is_reported
137922,3a,N
137922,3b,N
137922,4a,Y
137922,4b,N
137922,5,Y
137922,6a,Y
137922,6b,N
137922,7a,N
137922,7b,N
137922,8a,N
137922,8b,N
137922,9,N
137922,10,N
137922,11a,Y
137922,11b,Y
137922,12a,Y
137922,12b,N
1300186,3a,N
1300186,3b,N
1300186,4a,Y
1300186,4b,N
1300186,5,Y
1300186,6a,Y
1300186,6b,N
1300186,7a,Y
1300186,7b,N
1300186,8a,N
1300186,8b,N
1300186,9,N
1300186,10,N
1300186,11a,Y
1300186,11b,N
1300186,12a,Y
1300186,12b,N
1303630,3a,N
1303630,3b,N
1303630,4a,Y
1303630,4b,N
1303630,5,Y
1303630,6a,Y
1303630,6b,N
1303630,7a,N
1303630,7b,N
1303630,8a,N
1303630,8b,N
1303630,9,N
1303630,10,N
1303630,11a,N
1303630,11b,N
1303630,12a,Y
1303630,12b,N
1306646,3a,N
1306646,3b,N
1306646,4a,Y
1306646,4b,N
1306646,5,Y
1306646,6a,Y
1306646,6b,N
1306646,7a,N
1306646,7b,N
1306646,8a,N
1306646,8b,N
1306646,9,N
1306646,10,N
1306646,11a,N
1306646,11b,N
1306646,12a,Y
1306646,12b,N
1306735,3a,Y
1306735,3b,N
1306735,4a,Y
1306735,4b,N
1306735,5,Y
1306735,6a,Y
1306735,6b,N
1306735,7a,Y
1306735,7b,N
1306735,8a,Y
1306735,8b,Y
1306735,9,N
1306735,10,N
1306735,11a,N
1306735,11b,N
1306735,12a,Y
1306735,12b,N
1310103,3a,N
1310103,3b,N
1310103,4a,Y
1310103,4b,Y
1310103,5,Y
1310103,6a,Y
1310103,6b,N
1310103,7a,Y
1310103,7b,N
1310103,8a,N
1310103,8b,Y
1310103,9,N
1310103,10,N
1310103,11a,N
1310103,11b,N
1310103,12a,Y
1310103,12b,N
1310456,3a,Y
1310456,3b,N
1310456,4a,N
1310456,4b,N
1310456,5,Y
1310456,6a,Y
1310456,6b,N
1310456,7a,N
1310456,7b,N
1310456,8a,N
1310456,8b,N
1310456,9,N
1310456,10,N
1310456,11a,N
1310456,11b,N
1310456,12a,Y
1310456,12b,N
1310566,3a,Y
1310566,3b,N
1310566,4a,Y
1310566,4b,N
1310566,5,Y
1310566,6a,Y
1310566,6b,N
1310566,7a,N
1310566,7b,N
1310566,8a,N
1310566,8b,N
1310566,9,N
1310566,10,N
1310566,11a,Y
1310566,11b,Y
1310566,12a,Y
1310566,12b,N
1311666,3a,Y
1311666,3b,N
1311666,4a,Y
1311666,4b,N
1311666,5,Y
1311666,6a,Y
1311666,6b,N
1311666,7a,N
1311666,7b,N
1311666,8a,N
1311666,8b,N
1311666,9,N
1311666,10,N
1311666,11a,N
1311666,11b,N
1311666,12a,Y
1311666,12b,N
1311794,3a,N
1311794,3b,N
1311794,4a,N
1311794,4b,N
1311794,5,Y
1311794,6a,Y
1311794,6b,N
1311794,7a,N
1311794,7b,N
1311794,8a,N
1311794,8b,N
1311794,9,N
1311794,10,N
1311794,11a,N
1311794,11b,N
1311794,12a,Y
1311794,12b,N
1312078,3a,N
1312078,3b,N
1312078,4a,Y
1312078,4b,N
1312078,5,Y
1312078,6a,Y
1312078,6b,N
1312078,7a,N
1312078,7b,N
1312078,8a,N
1312078,8b,N
1312078,9,N
1312078,10,N
1312078,11a,N
1312078,11b,N
1312078,12a,N
1312078,12b,N
1312340,3a,N
1312340,3b,N
1312340,4a,N
1312340,4b,N
1312340,5,Y
1312340,6a,Y
1312340,6b,N
1312340,7a,N
1312340,7b,N
1312340,8a,N
1312340,8b,N
1312340,9,N
1312340,10,N
1312340,11a,N
1312340,11b,N
1312340,12a,Y
1312340,12b,N
1313098,3a,Y
1313098,3b,N
1313098,4a,Y
1313098,4b,Y
1313098,5,Y
1313098,6a,Y
1313098,6b,N
1313098,7a,N
1313098,7b,N
1313098,8a,N
1313098,8b,N
1313098,9,N
1313098,10,N
1313098,11a,N
1313098,11b,N
1313098,12a,Y
1313098,12b,N
1313637,3a,N
1313637,3b,N
1313637,4a,Y
1313637,4b,Y
1313637,5,Y
1313637,6a,Y
1313637,6b,N
1313637,7a,Y
1313637,7b,N
1313637,8a,Y
1313637,8b,N
1313637,9,N
1313637,10,N
1313637,11a,N
1313637,11b,N
1313637,12a,Y
1313637,12b,N
1313875,3a,N
1313875,3b,N
1313875,4a,Y
1313875,4b,Y
1313875,5,Y
1313875,6a,Y
1313875,6b,N
1313875,7a,N
1313875,7b,N
1313875,8a,N
1313875,8b,N
1313875,9,N
1313875,10,N
1313875,11a,Y
1313875,11b,Y
1313875,12a,Y
1313875,12b,N
1314536,3a,N
1314536,3b,N
1314536,4a,Y
1314536,4b,N
1314536,5,Y
1314536,6a,Y
1314536,6b,N
1314536,7a,N
1314536,7b,N
1314536,8a,N
1314536,8b,N
1314536,9,N
1314536,10,N
1314536,11a,Y
1314536,11b,N
1314536,12a,Y
1314536,12b,N
1314632,3a,N
1314632,3b,N
1314632,4a,Y
1314632,4b,N
1314632,5,Y
1314632,6a,Y
1314632,6b,N
1314632,7a,N
1314632,7b,N
1314632,8a,N
1314632,8b,Y
1314632,9,N
1314632,10,N
1314632,11a,N
1314632,11b,N
1314632,12a,Y
1314632,12b,N
1315483,3a,Y
1315483,3b,N
1315483,4a,Y
1315483,4b,N
1315483,5,Y
1315483,6a,Y
1315483,6b,N
1315483,7a,N
1315483,7b,N
1315483,8a,N
1315483,8b,Y
1315483,9,N
1315483,10,N
1315483,11a,N
1315483,11b,N
1315483,12a,Y
1315483,12b,N
1315560,3a,N
1315560,3b,N
1315560,4a,N
1315560,4b,N
1315560,5,N
1315560,6a,N
1315560,6b,N
1315560,7a,N
1315560,7b,N
1315560,8a,N
1315560,8b,N
1315560,9,N
1315560,10,N
1315560,11a,N
1315560,11b,N
1315560,12a,Y
1315560,12b,N
1315661,3a,Y
1315661,3b,Y
1315661,4a,Y
1315661,4b,Y
1315661,5,Y
1315661,6a,Y
1315661,6b,N
1315661,7a,Y
1315661,7b,N
1315661,8a,Y
1315661,8b,Y
1315661,9,N
1315661,10,Y
1315661,11a,Y
1315661,11b,N
1315661,12a,N
1315661,12b,N
1315662,3a,Y
1315662,3b,N
1315662,4a,N
1315662,4b,Y
1315662,5,N
1315662,6a,Y
1315662,6b,N
1315662,7a,N
1315662,7b,N
1315662,8a,N
1315662,8b,N
1315662,9,N
1315662,10,N
1315662,11a,N
1315662,11b,N
1315662,12a,Y
1315662,12b,N
1316059,3a,N
1316059,3b,N
1316059,4a,Y
1316059,4b,N
1316059,5,Y
1316059,6a,Y
1316059,6b,N
1316059,7a,N
1316059,7b,N
1316059,8a,N
1316059,8b,N
1316059,9,Y
1316059,10,Y
1316059,11a,Y
1316059,11b,Y
1316059,12a,Y
1316059,12b,N
1316060,3a,N
1316060,3b,N
1316060,4a,Y
1316060,4b,Y
1316060,5,Y
1316060,6a,Y
1316060,6b,N
1316060,7a,N
1316060,7b,N
1316060,8a,N
1316060,8b,N
1316060,9,N
1316060,10,N
1316060,11a,N
1316060,11b,N
1316060,12a,Y
1316060,12b,N
1316061,3a,N
1316061,3b,N
1316061,4a,Y
1316061,4b,N
1316061,5,N
1316061,6a,Y
1316061,6b,N
1316061,7a,N
1316061,7b,N
1316061,8a,N
1316061,8b,N
1316061,9,N
1316061,10,N
1316061,11a,N
1316061,11b,N
1316061,12a,Y
1316061,12b,N
1316066,3a,N
1316066,3b,N
1316066,4a,Y
1316066,4b,N
1316066,5,Y
1316066,6a,Y
1316066,6b,N
1316066,7a,N
1316066,7b,N
1316066,8a,Y
1316066,8b,N
1316066,9,N
1316066,10,N
1316066,11a,N
1316066,11b,Y
1316066,12a,Y
1316066,12b,N
1316074,3a,Y
1316074,3b,N
1316074,4a,Y
1316074,4b,Y
1316074,5,Y
1316074,6a,Y
1316074,6b,N
1316074,7a,N
1316074,7b,N
1316074,8a,N
1316074,8b,N
1316074,9,N
1316074,10,N
1316074,11a,Y
1316074,11b,N
1316074,12a,N
1316074,12b,N
1316075,3a,N
1316075,3b,N
1316075,4a,Y
1316075,4b,N
1316075,5,Y
1316075,6a,Y
1316075,6b,N
1316075,7a,N
1316075,7b,N
1316075,8a,N
1316075,8b,N
1316075,9,N
1316075,10,N
1316075,11a,Y
1316075,11b,N
1316075,12a,Y
1316075,12b,N
1316077,3a,N
1316077,3b,N
1316077,4a,Y
1316077,4b,N
1316077,5,Y
1316077,6a,Y
1316077,6b,N
1316077,7a,N
1316077,7b,N
1316077,8a,Y
1316077,8b,N
1316077,9,N
1316077,10,N
1316077,11a,Y
1316077,11b,N
1316077,12a,Y
1316077,12b,N
1318081,3a,N
1318081,3b,N
1318081,4a,Y
1318081,4b,N
1318081,5,Y
1318081,6a,Y
1318081,6b,N
1318081,7a,N
1318081,7b,N
1318081,8a,N
1318081,8b,N
1318081,9,N
1318081,10,N
1318081,11a,Y
1318081,11b,N
1318081,12a,Y
1318081,12b,N
1319619,3a,N
1319619,3b,N
1319619,4a,Y
1319619,4b,N
1319619,5,Y
1319619,6a,Y
1319619,6b,N
1319619,7a,N
1319619,7b,N
1319619,8a,N
1319619,8b,N
1319619,9,N
1319619,10,N
1319619,11a,N
1319619,11b,N
1319619,12a,Y
1319619,12b,N
1319982,3a,N
1319982,3b,N
1319982,4a,Y
1319982,4b,N
1319982,5,Y
1319982,6a,Y
1319982,6b,N
1319982,7a,N
1319982,7b,N
1319982,8a,N
1319982,8b,N
1319982,9,N
1319982,10,N
1319982,11a,N
1319982,11b,N
1319982,12a,N
1319982,12b,N
1320440,3a,Y
1320440,3b,N
1320440,4a,Y
1320440,4b,N
1320440,5,Y
1320440,6a,Y
1320440,6b,N
1320440,7a,N
1320440,7b,N
1320440,8a,N
1320440,8b,N
1320440,9,N
1320440,10,N
1320440,11a,Y
1320440,11b,N
1320440,12a,N
1320440,12b,N
1320536,3a,Y
1320536,3b,N
1320536,4a,Y
1320536,4b,N
1320536,5,Y
1320536,6a,Y
1320536,6b,N
1320536,7a,N
1320536,7b,N
1320536,8a,N
1320536,8b,N
1320536,9,N
1320536,10,N
1320536,11a,N
1320536,11b,N
1320536,12a,Y
1320536,12b,N
1320563,3a,Y
1320563,3b,N
1320563,4a,N
1320563,4b,N
1320563,5,Y
1320563,6a,Y
1320563,6b,N
1320563,7a,N
1320563,7b,N
1320563,8a,N
1320563,8b,N
1320563,9,N
1320563,10,N
1320563,11a,N
1320563,11b,N
1320563,12a,Y
1320563,12b,N
1320887,3a,N
1320887,3b,N
1320887,4a,Y
1320887,4b,N
1320887,5,Y
1320887,6a,Y
1320887,6b,N
1320887,7a,N
1320887,7b,N
1320887,8a,N
1320887,8b,N
1320887,9,N
1320887,10,N
1320887,11a,N
1320887,11b,N
1320887,12a,Y
1320887,12b,N
1320907,3a,N
1320907,3b,N
1320907,4a,Y
1320907,4b,N
1320907,5,Y
1320907,6a,Y
1320907,6b,N
1320907,7a,Y
1320907,7b,N
1320907,8a,Y
1320907,8b,Y
1320907,9,N
1320907,10,Y
1320907,11a,N
1320907,11b,N
1320907,12a,Y
1320907,12b,N
1320917,3a,N
1320917,3b,N
1320917,4a,Y
1320917,4b,N
1320917,5,Y
1320917,6a,Y
1320917,6b,N
1320917,7a,Y
1320917,7b,N
1320917,8a,N
1320917,8b,N
1320917,9,N
1320917,10,N
1320917,11a,N
1320917,11b,N
1320917,12a,Y
1320917,12b,N
1320919,3a,N
1320919,3b,N
1320919,4a,Y
1320919,4b,N
1320919,5,Y
1320919,6a,Y
1320919,6b,N
1320919,7a,N
1320919,7b,N
1320919,8a,N
1320919,8b,N
1320919,9,N
1320919,10,N
1320919,11a,N
1320919,11b,N
1320919,12a,Y
1320919,12b,N
1321181,3a,N
1321181,3b,N
1321181,4a,N
1321181,4b,N
1321181,5,Y
1321181,6a,Y
1321181,6b,N
1321181,7a,N
1321181,7b,N
1321181,8a,N
1321181,8b,N
1321181,9,N
1321181,10,N
1321181,11a,N
1321181,11b,N
1321181,12a,N
1321181,12b,N
1321654,3a,Y
1321654,3b,N
1321654,4a,Y
1321654,4b,N
1321654,5,Y
1321654,6a,Y
1321654,6b,N
1321654,7a,N
1321654,7b,N
1321654,8a,N
1321654,8b,N
1321654,9,N
1321654,10,N
1321654,11a,N
1321654,11b,N
1321654,12a,Y
1321654,12b,N
1323576,3a,Y
1323576,3b,N
1323576,4a,Y
1323576,4b,N
1323576,5,Y
1323576,6a,Y
1323576,6b,N
1323576,7a,N
1323576,7b,N
1323576,8a,N
1323576,8b,N
1323576,9,N
1323576,10,N
1323576,11a,N
1323576,11b,N
1323576,12a,N
1323576,12b,N
1323587,3a,Y
1323587,3b,N
1323587,4a,N
1323587,4b,N
1323587,5,Y
1323587,6a,Y
1323587,6b,N
1323587,7a,N
1323587,7b,N
1323587,8a,N
1323587,8b,N
1323587,9,N
1323587,10,N
1323587,11a,N
1323587,11b,N
1323587,12a,Y
1323587,12b,N
1323954,3a,Y
1323954,3b,N
1323954,4a,Y
1323954,4b,Y
1323954,5,Y
1323954,6a,Y
1323954,6b,N
1323954,7a,N
1323954,7b,N
1323954,8a,N
1323954,8b,N
1323954,9,N
1323954,10,N
1323954,11a,N
1323954,11b,Y
1323954,12a,Y
1323954,12b,N
1324807,3a,N
1324807,3b,N
1324807,4a,Y
1324807,4b,N
1324807,5,Y
1324807,6a,Y
1324807,6b,N
1324807,7a,N
1324807,7b,N
1324807,8a,N
1324807,8b,N
1324807,9,N
1324807,10,N
1324807,11a,N
1324807,11b,Y
1324807,12a,N
1324807,12b,N
1324895,3a,N
1324895,3b,N
1324895,4a,Y
1324895,4b,Y
1324895,5,Y
1324895,6a,Y
1324895,6b,N
1324895,7a,N
1324895,7b,N
1324895,8a,N
1324895,8b,N
1324895,9,N
1324895,10,N
1324895,11a,N
1324895,11b,N
1324895,12a,Y
1324895,12b,N
1325010,3a,N
1325010,3b,N
1325010,4a,Y
1325010,4b,N
1325010,5,Y
1325010,6a,Y
1325010,6b,N
1325010,7a,N
1325010,7b,N
1325010,8a,N
1325010,8b,N
1325010,9,N
1325010,10,N
1325010,11a,N
1325010,11b,N
1325010,12a,Y
1325010,12b,N
1325176,3a,N
1325176,3b,N
1325176,4a,Y
1325176,4b,N
1325176,5,Y
1325176,6a,Y
1325176,6b,N
1325176,7a,N
1325176,7b,N
1325176,8a,N
1325176,8b,Y
1325176,9,N
1325176,10,N
1325176,11a,N
1325176,11b,N
1325176,12a,Y
1325176,12b,N
1326012,3a,N
1326012,3b,N
1326012,4a,Y
1326012,4b,N
1326012,5,Y
1326012,6a,Y
1326012,6b,N
1326012,7a,N
1326012,7b,Y
1326012,8a,N
1326012,8b,N
1326012,9,Y
1326012,10,Y
1326012,11a,Y
1326012,11b,N
1326012,12a,Y
1326012,12b,N
1326339,3a,Y
1326339,3b,N
1326339,4a,Y
1326339,4b,N
1326339,5,Y
1326339,6a,Y
1326339,6b,N
1326339,7a,N
1326339,7b,N
1326339,8a,N
1326339,8b,Y
1326339,9,N
1326339,10,N
1326339,11a,Y
1326339,11b,N
1326339,12a,Y
1326339,12b,N
1326348,3a,N
1326348,3b,N
1326348,4a,Y
1326348,4b,N
1326348,5,Y
1326348,6a,Y
1326348,6b,N
1326348,7a,N
1326348,7b,N
1326348,8a,N
1326348,8b,N
1326348,9,N
1326348,10,N
1326348,11a,N
1326348,11b,N
1326348,12a,Y
1326348,12b,N
1326349,3a,N
1326349,3b,N
1326349,4a,Y
1326349,4b,N
1326349,5,Y
1326349,6a,Y
1326349,6b,N
1326349,7a,N
1326349,7b,N
1326349,8a,N
1326349,8b,N
1326349,9,N
1326349,10,N
1326349,11a,N
1326349,11b,N
1326349,12a,N
1326349,12b,N
1326708,3a,N
1326708,3b,N
1326708,4a,N
1326708,4b,N
1326708,5,Y
1326708,6a,Y
1326708,6b,N
1326708,7a,Y
1326708,7b,N
1326708,8a,N
1326708,8b,N
1326708,9,N
1326708,10,N
1326708,11a,N
1326708,11b,N
1326708,12a,Y
1326708,12b,N
1327051,3a,N
1327051,3b,N
1327051,4a,N
1327051,4b,N
1327051,5,Y
1327051,6a,Y
1327051,6b,N
1327051,7a,N
1327051,7b,N
1327051,8a,N
1327051,8b,N
1327051,9,N
1327051,10,N
1327051,11a,N
1327051,11b,Y
1327051,12a,Y
1327051,12b,N
1327609,3a,Y
1327609,3b,N
1327609,4a,N
1327609,4b,N
1327609,5,Y
1327609,6a,N
1327609,6b,N
1327609,7a,N
1327609,7b,N
1327609,8a,N
1327609,8b,N
1327609,9,N
1327609,10,N
1327609,11a,N
1327609,11b,N
1327609,12a,Y
1327609,12b,N
1327850,3a,Y
1327850,3b,N
1327850,4a,N
1327850,4b,N
1327850,5,Y
1327850,6a,Y
1327850,6b,N
1327850,7a,N
1327850,7b,N
1327850,8a,N
1327850,8b,N
1327850,9,N
1327850,10,N
1327850,11a,N
1327850,11b,N
1327850,12a,Y
1327850,12b,N
1328817,3a,N
1328817,3b,N
1328817,4a,Y
1328817,4b,Y
1328817,5,Y
1328817,6a,Y
1328817,6b,N
1328817,7a,N
1328817,7b,N
1328817,8a,N
1328817,8b,N
1328817,9,N
1328817,10,N
1328817,11a,N
1328817,11b,Y
1328817,12a,Y
1328817,12b,N
1329475,3a,Y
1329475,3b,N
1329475,4a,Y
1329475,4b,N
1329475,5,Y
1329475,6a,Y
1329475,6b,N
1329475,7a,N
1329475,7b,N
1329475,8a,N
1329475,8b,N
1329475,9,N
1329475,10,N
1329475,11a,N
1329475,11b,N
1329475,12a,Y
1329475,12b,N
1329477,3a,Y
1329477,3b,N
1329477,4a,Y
1329477,4b,N
1329477,5,Y
1329477,6a,Y
1329477,6b,N
1329477,7a,Y
1329477,7b,N
1329477,8a,Y
1329477,8b,N
1329477,9,N
1329477,10,Y
1329477,11a,Y
1329477,11b,Y
1329477,12a,Y
1329477,12b,Y
1329478,3a,Y
1329478,3b,N
1329478,4a,Y
1329478,4b,N
1329478,5,Y
1329478,6a,Y
1329478,6b,N
1329478,7a,N
1329478,7b,N
1329478,8a,N
1329478,8b,N
1329478,9,N
1329478,10,N
1329478,11a,N
1329478,11b,N
1329478,12a,Y
1329478,12b,N
1330079,3a,N
1330079,3b,N
1330079,4a,Y
1330079,4b,N
1330079,5,Y
1330079,6a,Y
1330079,6b,N
1330079,7a,N
1330079,7b,N
1330079,8a,N
1330079,8b,Y
1330079,9,N
1330079,10,N
1330079,11a,Y
1330079,11b,N
1330079,12a,Y
1330079,12b,N
1330396,3a,Y
1330396,3b,N
1330396,4a,N
1330396,4b,N
1330396,5,Y
1330396,6a,Y
1330396,6b,N
1330396,7a,Y
1330396,7b,N
1330396,8a,N
1330396,8b,N
1330396,9,N
1330396,10,N
1330396,11a,N
1330396,11b,N
1330396,12a,Y
1330396,12b,Y
1330398,3a,Y
1330398,3b,N
1330398,4a,N
1330398,4b,N
1330398,5,Y
1330398,6a,Y
1330398,6b,N
1330398,7a,N
1330398,7b,N
1330398,8a,N
1330398,8b,N
1330398,9,N
1330398,10,N
1330398,11a,N
1330398,11b,N
1330398,12a,N
1330398,12b,N
1330435,3a,N
1330435,3b,N
1330435,4a,Y
1330435,4b,N
1330435,5,N
1330435,6a,Y
1330435,6b,N
1330435,7a,N
1330435,7b,N
1330435,8a,N
1330435,8b,N
1330435,9,N
1330435,10,Y
1330435,11a,N
1330435,11b,N
1330435,12a,N
1330435,12b,N
1330437,3a,Y
1330437,3b,N
1330437,4a,Y
1330437,4b,N
1330437,5,N
1330437,6a,Y
1330437,6b,N
1330437,7a,Y
1330437,7b,N
1330437,8a,N
1330437,8b,N
1330437,9,N
1330437,10,N
1330437,11a,N
1330437,11b,N
1330437,12a,N
1330437,12b,N
1330470,3a,N
1330470,3b,N
1330470,4a,Y
1330470,4b,N
1330470,5,Y
1330470,6a,Y
1330470,6b,N
1330470,7a,N
1330470,7b,N
1330470,8a,Y
1330470,8b,Y
1330470,9,N
1330470,10,Y
1330470,11a,Y
1330470,11b,Y
1330470,12a,N
1330470,12b,N
1330761,3a,N
1330761,3b,N
1330761,4a,Y
1330761,4b,Y
1330761,5,Y
1330761,6a,Y
1330761,6b,N
1330761,7a,N
1330761,7b,N
1330761,8a,N
1330761,8b,N
1330761,9,N
1330761,10,N
1330761,11a,N
1330761,11b,N
1330761,12a,Y
1330761,12b,N
1331217,3a,Y
1331217,3b,N
1331217,4a,N
1331217,4b,N
1331217,5,Y
1331217,6a,Y
1331217,6b,N
1331217,7a,N
1331217,7b,N
1331217,8a,N
1331217,8b,N
1331217,9,N
1331217,10,N
1331217,11a,N
1331217,11b,N
1331217,12a,Y
1331217,12b,N
1332022,3a,N
1332022,3b,N
1332022,4a,N
1332022,4b,N
1332022,5,Y
1332022,6a,Y
1332022,6b,N
1332022,7a,N
1332022,7b,N
1332022,8a,N
1332022,8b,N
1332022,9,N
1332022,10,N
1332022,11a,N
1332022,11b,N
1332022,12a,Y
1332022,12b,N
1332094,3a,N
1332094,3b,N
1332094,4a,Y
1332094,4b,N
1332094,5,Y
1332094,6a,Y
1332094,6b,N
1332094,7a,N
1332094,7b,N
1332094,8a,N
1332094,8b,N
1332094,9,N
1332094,10,N
1332094,11a,N
1332094,11b,Y
1332094,12a,Y
1332094,12b,Y
1332213,3a,N
1332213,3b,N
1332213,4a,Y
1332213,4b,N
1332213,5,Y
1332213,6a,Y
1332213,6b,N
1332213,7a,N
1332213,7b,N
1332213,8a,N
1332213,8b,N
1332213,9,N
1332213,10,N
1332213,11a,N
1332213,11b,N
1332213,12a,Y
1332213,12b,N
1332463,3a,N
1332463,3b,N
1332463,4a,Y
1332463,4b,N
1332463,5,Y
1332463,6a,Y
1332463,6b,N
1332463,7a,N
1332463,7b,N
1332463,8a,Y
1332463,8b,N
1332463,9,Y
1332463,10,N
1332463,11a,N
1332463,11b,N
1332463,12a,Y
1332463,12b,N
1332737,3a,N
1332737,3b,N
1332737,4a,Y
1332737,4b,N
1332737,5,Y
1332737,6a,Y
1332737,6b,N
1332737,7a,Y
1332737,7b,N
1332737,8a,N
1332737,8b,Y
1332737,9,N
1332737,10,Y
1332737,11a,Y
1332737,11b,Y
1332737,12a,Y
1332737,12b,N
1333087,3a,Y
1333087,3b,N
1333087,4a,Y
1333087,4b,N
1333087,5,Y
1333087,6a,Y
1333087,6b,N
1333087,7a,N
1333087,7b,N
1333087,8a,Y
1333087,8b,Y
1333087,9,N
1333087,10,N
1333087,11a,N
1333087,11b,N
1333087,12a,Y
1333087,12b,N
1333105,3a,N
1333105,3b,N
1333105,4a,Y
1333105,4b,N
1333105,5,Y
1333105,6a,Y
1333105,6b,N
1333105,7a,Y
1333105,7b,Y
1333105,8a,N
1333105,8b,N
1333105,9,N
1333105,10,N
1333105,11a,N
1333105,11b,N
1333105,12a,Y
1333105,12b,N
1333518,3a,N
1333518,3b,N
1333518,4a,Y
1333518,4b,Y
1333518,5,Y
1333518,6a,Y
1333518,6b,N
1333518,7a,N
1333518,7b,N
1333518,8a,N
1333518,8b,N
1333518,9,N
1333518,10,N
1333518,11a,N
1333518,11b,N
1333518,12a,Y
1333518,12b,N
1333781,3a,Y
1333781,3b,N
1333781,4a,Y
1333781,4b,N
1333781,5,Y
1333781,6a,Y
1333781,6b,N
1333781,7a,N
1333781,7b,N
1333781,8a,N
1333781,8b,N
1333781,9,N
1333781,10,N
1333781,11a,N
1333781,11b,N
1333781,12a,Y
1333781,12b,N
1333934,3a,Y
1333934,3b,N
1333934,4a,Y
1333934,4b,N
1333934,5,Y
1333934,6a,Y
1333934,6b,N
1333934,7a,N
1333934,7b,N
1333934,8a,N
1333934,8b,N
1333934,9,N
1333934,10,N
1333934,11a,N
1333934,11b,N
1333934,12a,Y
1333934,12b,N
1334713,3a,Y
1334713,3b,N
1334713,4a,N
1334713,4b,N
1334713,5,Y
1334713,6a,Y
1334713,6b,N
1334713,7a,N
1334713,7b,N
1334713,8a,N
1334713,8b,N
1334713,9,N
1334713,10,N
1334713,11a,N
1334713,11b,N
1334713,12a,Y
1334713,12b,N
1334820,3a,Y
1334820,3b,N
1334820,4a,N
1334820,4b,N
1334820,5,Y
1334820,6a,Y
1334820,6b,N
1334820,7a,N
1334820,7b,N
1334820,8a,N
1334820,8b,N
1334820,9,N
1334820,10,N
1334820,11a,N
1334820,11b,N
1334820,12a,Y
1334820,12b,N
1334821,3a,N
1334821,3b,N
1334821,4a,Y
1334821,4b,N
1334821,5,Y
1334821,6a,Y
1334821,6b,N
1334821,7a,N
1334821,7b,N
1334821,8a,N
1334821,8b,Y
1334821,9,N
1334821,10,N
1334821,11a,N
1334821,11b,N
1334821,12a,N
1334821,12b,N
1335638,3a,N
1335638,3b,N
1335638,4a,Y
1335638,4b,N
1335638,5,Y
1335638,6a,Y
1335638,6b,N
1335638,7a,N
1335638,7b,N
1335638,8a,N
1335638,8b,N
1335638,9,N
1335638,10,N
1335638,11a,N
1335638,11b,N
1335638,12a,Y
1335638,12b,N
1335644,3a,N
1335644,3b,N
1335644,4a,Y
1335644,4b,Y
1335644,5,Y
1335644,6a,Y
1335644,6b,N
1335644,7a,N
1335644,7b,N
1335644,8a,N
1335644,8b,N
1335644,9,N
1335644,10,N
1335644,11a,N
1335644,11b,N
1335644,12a,Y
1335644,12b,N
1335646,3a,N
1335646,3b,N
1335646,4a,Y
1335646,4b,N
1335646,5,Y
1335646,6a,Y
1335646,6b,N
1335646,7a,N
1335646,7b,N
1335646,8a,N
1335646,8b,N
1335646,9,N
1335646,10,N
1335646,11a,N
1335646,11b,N
1335646,12a,Y
1335646,12b,N
1335647,3a,N
1335647,3b,N
1335647,4a,Y
1335647,4b,Y
1335647,5,Y
1335647,6a,Y
1335647,6b,N
1335647,7a,N
1335647,7b,N
1335647,8a,N
1335647,8b,N
1335647,9,N
1335647,10,N
1335647,11a,N
1335647,11b,N
1335647,12a,Y
1335647,12b,N
1335650,3a,Y
1335650,3b,N
1335650,4a,Y
1335650,4b,Y
1335650,5,N
1335650,6a,Y
1335650,6b,N
1335650,7a,N
1335650,7b,N
1335650,8a,N
1335650,8b,N
1335650,9,N
1335650,10,N
1335650,11a,N
1335650,11b,N
1335650,12a,N
1335650,12b,N
1336347,3a,Y
1336347,3b,N
1336347,4a,Y
1336347,4b,Y
1336347,5,Y
1336347,6a,Y
1336347,6b,N
1336347,7a,N
1336347,7b,N
1336347,8a,Y
1336347,8b,Y
1336347,9,Y
1336347,10,Y
1336347,11a,Y
1336347,11b,N
1336347,12a,Y
1336347,12b,N
1336886,3a,N
1336886,3b,N
1336886,4a,Y
1336886,4b,N
1336886,5,Y
1336886,6a,Y
1336886,6b,N
1336886,7a,N
1336886,7b,N
1336886,8a,Y
1336886,8b,Y
1336886,9,N
1336886,10,N
1336886,11a,N
1336886,11b,N
1336886,12a,Y
1336886,12b,N
1337607,3a,N
1337607,3b,N
1337607,4a,N
1337607,4b,N
1337607,5,Y
1337607,6a,Y
1337607,6b,N
1337607,7a,N
1337607,7b,N
1337607,8a,N
1337607,8b,N
1337607,9,N
1337607,10,N
1337607,11a,N
1337607,11b,N
1337607,12a,Y
1337607,12b,N
1342280,3a,Y
1342280,3b,N
1342280,4a,Y
1342280,4b,N
1342280,5,N
1342280,6a,Y
1342280,6b,N
1342280,7a,Y
1342280,7b,N
1342280,8a,N
1342280,8b,N
1342280,9,N
1342280,10,N
1342280,11a,Y
1342280,11b,N
1342280,12a,Y
1342280,12b,Y
1342306,3a,Y
1342306,3b,N
1342306,4a,N
1342306,4b,N
1342306,5,Y
1342306,6a,Y
1342306,6b,N
1342306,7a,N
1342306,7b,N
1342306,8a,N
1342306,8b,Y
1342306,9,N
1342306,10,N
1342306,11a,N
1342306,11b,N
1342306,12a,N
1342306,12b,N
1342326,3a,N
1342326,3b,N
1342326,4a,Y
1342326,4b,N
1342326,5,Y
1342326,6a,Y
1342326,6b,N
1342326,7a,N
1342326,7b,N
1342326,8a,N
1342326,8b,N
1342326,9,N
1342326,10,Y
1342326,11a,N
1342326,11b,N
1342326,12a,Y
1342326,12b,Y
1345129,3a,Y
1345129,3b,N
1345129,4a,Y
1345129,4b,N
1345129,5,Y
1345129,6a,Y
1345129,6b,N
1345129,7a,N
1345129,7b,N
1345129,8a,N
1345129,8b,N
1345129,9,N
1345129,10,N
1345129,11a,Y
1345129,11b,N
1345129,12a,N
1345129,12b,N
1345134,3a,N
1345134,3b,N
1345134,4a,N
1345134,4b,N
1345134,5,Y
1345134,6a,Y
1345134,6b,N
1345134,7a,N
1345134,7b,N
1345134,8a,N
1345134,8b,N
1345134,9,N
1345134,10,N
1345134,11a,N
1345134,11b,N
1345134,12a,Y
1345134,12b,N
1345900,3a,Y
1345900,3b,N
1345900,4a,Y
1345900,4b,N
1345900,5,Y
1345900,6a,Y
1345900,6b,N
1345900,7a,N
1345900,7b,N
1345900,8a,N
1345900,8b,N
1345900,9,N
1345900,10,N
1345900,11a,N
1345900,11b,N
1345900,12a,Y
1345900,12b,N
1346182,3a,N
1346182,3b,N
1346182,4a,N
1346182,4b,N
1346182,5,Y
1346182,6a,Y
1346182,6b,N
1346182,7a,Y
1346182,7b,N
1346182,8a,N
1346182,8b,N
1346182,9,Y
1346182,10,Y
1346182,11a,N
1346182,11b,N
1346182,12a,N
1346182,12b,N
1346558,3a,Y
1346558,3b,N
1346558,4a,Y
1346558,4b,N
1346558,5,Y
1346558,6a,Y
1346558,6b,N
1346558,7a,N
1346558,7b,N
1346558,8a,N
1346558,8b,N
1346558,9,N
1346558,10,N
1346558,11a,N
1346558,11b,N
1346558,12a,Y
1346558,12b,N
1346793,3a,Y
1346793,3b,N
1346793,4a,Y
1346793,4b,N
1346793,5,Y
1346793,6a,Y
1346793,6b,N
1346793,7a,N
1346793,7b,N
1346793,8a,N
1346793,8b,N
1346793,9,N
1346793,10,N
1346793,11a,N
1346793,11b,N
1346793,12a,Y
1346793,12b,N
1346794,3a,N
1346794,3b,N
1346794,4a,N
1346794,4b,N
1346794,5,Y
1346794,6a,Y
1346794,6b,N
1346794,7a,N
1346794,7b,N
1346794,8a,N
1346794,8b,N
1346794,9,N
1346794,10,N
1346794,11a,N
1346794,11b,N
1346794,12a,Y
1346794,12b,N
1346877,3a,N
1346877,3b,N
1346877,4a,N
1346877,4b,N
1346877,5,N
1346877,6a,Y
1346877,6b,N
1346877,7a,Y
1346877,7b,N
1346877,8a,N
1346877,8b,N
1346877,9,N
1346877,10,N
1346877,11a,N
1346877,11b,N
1346877,12a,N
1346877,12b,N
1347091,3a,N
1347091,3b,N
1347091,4a,Y
1347091,4b,N
1347091,5,N
1347091,6a,N
1347091,6b,N
1347091,7a,N
1347091,7b,N
1347091,8a,N
1347091,8b,N
1347091,9,N
1347091,10,N
1347091,11a,N
1347091,11b,N
1347091,12a,N
1347091,12b,N
1347229,3a,N
1347229,3b,N
1347229,4a,Y
1347229,4b,N
1347229,5,Y
1347229,6a,Y
1347229,6b,N
1347229,7a,N
1347229,7b,N
1347229,8a,N
1347229,8b,N
1347229,9,N
1347229,10,N
1347229,11a,N
1347229,11b,N
1347229,12a,Y
1347229,12b,Y
1347231,3a,N
1347231,3b,N
1347231,4a,Y
1347231,4b,N
1347231,5,Y
1347231,6a,Y
1347231,6b,N
1347231,7a,N
1347231,7b,N
1347231,8a,N
1347231,8b,N
1347231,9,N
1347231,10,N
1347231,11a,Y
1347231,11b,N
1347231,12a,Y
1347231,12b,N
1347582,3a,Y
1347582,3b,N
1347582,4a,N
1347582,4b,N
1347582,5,N
1347582,6a,Y
1347582,6b,N
1347582,7a,N
1347582,7b,N
1347582,8a,N
1347582,8b,N
1347582,9,N
1347582,10,N
1347582,11a,Y
1347582,11b,N
1347582,12a,N
1347582,12b,N
1347763,3a,Y
1347763,3b,N
1347763,4a,N
1347763,4b,N
1347763,5,Y
1347763,6a,Y
1347763,6b,N
1347763,7a,N
1347763,7b,N
1347763,8a,N
1347763,8b,N
1347763,9,N
1347763,10,N
1347763,11a,N
1347763,11b,N
1347763,12a,Y
1347763,12b,N
1347801,3a,N
1347801,3b,N
1347801,4a,N
1347801,4b,N
1347801,5,N
1347801,6a,N
1347801,6b,N
1347801,7a,N
1347801,7b,N
1347801,8a,N
1347801,8b,N
1347801,9,N
1347801,10,N
1347801,11a,N
1347801,11b,N
1347801,12a,N
1347801,12b,N
1348219,3a,N
1348219,3b,N
1348219,4a,Y
1348219,4b,N
1348219,5,Y
1348219,6a,Y
1348219,6b,N
1348219,7a,Y
1348219,7b,N
1348219,8a,N
1348219,8b,N
1348219,9,N
1348219,10,N
1348219,11a,N
1348219,11b,N
1348219,12a,Y
1348219,12b,N
1348663,3a,Y
1348663,3b,N
1348663,4a,Y
1348663,4b,N
1348663,5,Y
1348663,6a,Y
1348663,6b,N
1348663,7a,N
1348663,7b,N
1348663,8a,N
1348663,8b,N
1348663,9,N
1348663,10,N
1348663,11a,N
1348663,11b,N
1348663,12a,Y
1348663,12b,N
1348750,3a,Y
1348750,3b,N
1348750,4a,Y
1348750,4b,Y
1348750,5,Y
1348750,6a,Y
1348750,6b,N
1348750,7a,N
1348750,7b,N
1348750,8a,N
1348750,8b,N
1348750,9,N
1348750,10,N
1348750,11a,N
1348750,11b,N
1348750,12a,Y
1348750,12b,N
1348751,3a,Y
1348751,3b,N
1348751,4a,Y
1348751,4b,N
1348751,5,Y
1348751,6a,Y
1348751,6b,N
1348751,7a,N
1348751,7b,N
1348751,8a,Y
1348751,8b,N
1348751,9,N
1348751,10,Y
1348751,11a,Y
1348751,11b,N
1348751,12a,Y
1348751,12b,N
1348771,3a,N
1348771,3b,N
1348771,4a,N
1348771,4b,N
1348771,5,Y
1348771,6a,Y
1348771,6b,N
1348771,7a,N
1348771,7b,N
1348771,8a,N
1348771,8b,N
1348771,9,N
1348771,10,N
1348771,11a,N
1348771,11b,N
1348771,12a,Y
1348771,12b,N
1348986,3a,N
1348986,3b,N
1348986,4a,Y
1348986,4b,N
1348986,5,Y
1348986,6a,Y
1348986,6b,N
1348986,7a,N
1348986,7b,N
1348986,8a,Y
1348986,8b,N
1348986,9,N
1348986,10,Y
1348986,11a,N
1348986,11b,Y
1348986,12a,Y
1348986,12b,N
1349049,3a,N
1349049,3b,N
1349049,4a,N
1349049,4b,Y
1349049,5,N
1349049,6a,N
1349049,6b,N
1349049,7a,N
1349049,7b,N
1349049,8a,N
1349049,8b,N
1349049,9,N
1349049,10,N
1349049,11a,N
1349049,11b,N
1349049,12a,N
1349049,12b,N
1349112,3a,N
1349112,3b,N
1349112,4a,Y
1349112,4b,N
1349112,5,N
1349112,6a,N
1349112,6b,N
1349112,7a,N
1349112,7b,N
1349112,8a,N
1349112,8b,N
1349112,9,N
1349112,10,N
1349112,11a,N
1349112,11b,N
1349112,12a,N
1349112,12b,N
1349376,3a,N
1349376,3b,N
1349376,4a,N
1349376,4b,N
1349376,5,Y
1349376,6a,Y
1349376,6b,N
1349376,7a,N
1349376,7b,N
1349376,8a,N
1349376,8b,N
1349376,9,N
1349376,10,N
1349376,11a,N
1349376,11b,N
1349376,12a,N
1349376,12b,N
1349491,3a,Y
1349491,3b,N
1349491,4a,N
1349491,4b,N
1349491,5,Y
1349491,6a,Y
1349491,6b,N
1349491,7a,N
1349491,7b,N
1349491,8a,N
1349491,8b,N
1349491,9,N
1349491,10,N
1349491,11a,N
1349491,11b,N
1349491,12a,Y
1349491,12b,N
1349492,3a,N
1349492,3b,N
1349492,4a,N
1349492,4b,N
1349492,5,N
1349492,6a,Y
1349492,6b,N
1349492,7a,N
1349492,7b,N
1349492,8a,N
1349492,8b,N
1349492,9,N
1349492,10,N
1349492,11a,N
1349492,11b,N
1349492,12a,Y
1349492,12b,N
1349493,3a,Y
1349493,3b,N
1349493,4a,Y
1349493,4b,N
1349493,5,Y
1349493,6a,Y
1349493,6b,N
1349493,7a,N
1349493,7b,N
1349493,8a,N
1349493,8b,N
1349493,9,N
1349493,10,N
1349493,11a,N
1349493,11b,N
1349493,12a,Y
1349493,12b,N
1349494,3a,Y
1349494,3b,N
1349494,4a,Y
1349494,4b,N
1349494,5,Y
1349494,6a,Y
1349494,6b,N
1349494,7a,N
1349494,7b,N
1349494,8a,N
1349494,8b,N
1349494,9,N
1349494,10,N
1349494,11a,N
1349494,11b,Y
1349494,12a,Y
1349494,12b,N
1349496,3a,Y
1349496,3b,N
1349496,4a,Y
1349496,4b,N
1349496,5,Y
1349496,6a,Y
1349496,6b,N
1349496,7a,Y
1349496,7b,N
1349496,8a,N
1349496,8b,N
1349496,9,N
1349496,10,N
1349496,11a,N
1349496,11b,N
1349496,12a,N
1349496,12b,N
1350237,3a,Y
1350237,3b,N
1350237,4a,Y
1350237,4b,N
1350237,5,Y
1350237,6a,Y
1350237,6b,N
1350237,7a,N
1350237,7b,N
1350237,8a,N
1350237,8b,N
1350237,9,N
1350237,10,N
1350237,11a,N
1350237,11b,N
1350237,12a,Y
1350237,12b,N
1350338,3a,N
1350338,3b,N
1350338,4a,Y
1350338,4b,N
1350338,5,Y
1350338,6a,Y
1350338,6b,N
1350338,7a,N
1350338,7b,N
1350338,8a,N
1350338,8b,N
1350338,9,N
1350338,10,N
1350338,11a,N
1350338,11b,N
1350338,12a,N
1350338,12b,N
1350340,3a,N
1350340,3b,N
1350340,4a,N
1350340,4b,N
1350340,5,Y
1350340,6a,Y
1350340,6b,N
1350340,7a,N
1350340,7b,N
1350340,8a,N
1350340,8b,N
1350340,9,N
1350340,10,N
1350340,11a,N
1350340,11b,N
1350340,12a,N
1350340,12b,N
1350540,3a,N
1350540,3b,N
1350540,4a,Y
1350540,4b,Y
1350540,5,Y
1350540,6a,Y
1350540,6b,N
1350540,7a,N
1350540,7b,N
1350540,8a,N
1350540,8b,N
1350540,9,N
1350540,10,N
1350540,11a,N
1350540,11b,N
1350540,12a,Y
1350540,12b,N
1350596,3a,Y
1350596,3b,N
1350596,4a,Y
1350596,4b,Y
1350596,5,Y
1350596,6a,Y
1350596,6b,N
1350596,7a,N
1350596,7b,N
1350596,8a,N
1350596,8b,N
1350596,9,N
1350596,10,Y
1350596,11a,Y
1350596,11b,N
1350596,12a,Y
1350596,12b,N
1350804,3a,N
1350804,3b,N
1350804,4a,N
1350804,4b,N
1350804,5,N
1350804,6a,N
1350804,6b,N
1350804,7a,N
1350804,7b,N
1350804,8a,N
1350804,8b,N
1350804,9,N
1350804,10,N
1350804,11a,N
1350804,11b,N
1350804,12a,N
1350804,12b,N
1350882,3a,Y
1350882,3b,N
1350882,4a,Y
1350882,4b,Y
1350882,5,Y
1350882,6a,Y
1350882,6b,N
1350882,7a,N
1350882,7b,N
1350882,8a,N
1350882,8b,N
1350882,9,N
1350882,10,N
1350882,11a,N
1350882,11b,N
1350882,12a,Y
1350882,12b,N
1351126,3a,Y
1351126,3b,N
1351126,4a,N
1351126,4b,N
1351126,5,Y
1351126,6a,N
1351126,6b,N
1351126,7a,N
1351126,7b,N
1351126,8a,N
1351126,8b,N
1351126,9,N
1351126,10,N
1351126,11a,N
1351126,11b,N
1351126,12a,N
1351126,12b,N
1351183,3a,N
1351183,3b,N
1351183,4a,Y
1351183,4b,N
1351183,5,N
1351183,6a,Y
1351183,6b,N
1351183,7a,N
1351183,7b,N
1351183,8a,N
1351183,8b,N
1351183,9,N
1351183,10,N
1351183,11a,Y
1351183,11b,N
1351183,12a,N
1351183,12b,N
1351196,3a,N
1351196,3b,N
1351196,4a,Y
1351196,4b,N
1351196,5,Y
1351196,6a,Y
1351196,6b,N
1351196,7a,N
1351196,7b,N
1351196,8a,N
1351196,8b,Y
1351196,9,N
1351196,10,N
1351196,11a,N
1351196,11b,N
1351196,12a,N
1351196,12b,N
1351489,3a,N
1351489,3b,N
1351489,4a,Y
1351489,4b,N
1351489,5,Y
1351489,6a,Y
1351489,6b,N
1351489,7a,N
1351489,7b,N
1351489,8a,N
1351489,8b,N
1351489,9,Y
1351489,10,N
1351489,11a,N
1351489,11b,N
1351489,12a,Y
1351489,12b,N
1351498,3a,N
1351498,3b,N
1351498,4a,Y
1351498,4b,Y
1351498,5,Y
1351498,6a,Y
1351498,6b,N
1351498,7a,N
1351498,7b,N
1351498,8a,N
1351498,8b,N
1351498,9,N
1351498,10,N
1351498,11a,N
1351498,11b,N
1351498,12a,N
1351498,12b,N
1351538,3a,N
1351538,3b,N
1351538,4a,Y
1351538,4b,N
1351538,5,Y
1351538,6a,Y
1351538,6b,N
1351538,7a,N
1351538,7b,N
1351538,8a,N
1351538,8b,N
1351538,9,N
1351538,10,N
1351538,11a,Y
1351538,11b,N
1351538,12a,Y
1351538,12b,N
1351547,3a,N
1351547,3b,N
1351547,4a,N
1351547,4b,N
1351547,5,N
1351547,6a,Y
1351547,6b,N
1351547,7a,Y
1351547,7b,Y
1351547,8a,N
1351547,8b,N
1351547,9,N
1351547,10,N
1351547,11a,N
1351547,11b,N
1351547,12a,Y
1351547,12b,N
1351620,3a,N
1351620,3b,N
1351620,4a,Y
1351620,4b,N
1351620,5,Y
1351620,6a,Y
1351620,6b,N
1351620,7a,N
1351620,7b,N
1351620,8a,Y
1351620,8b,N
1351620,9,N
1351620,10,N
1351620,11a,N
1351620,11b,N
1351620,12a,N
1351620,12b,N
1351736,3a,Y
1351736,3b,N
1351736,4a,Y
1351736,4b,N
1351736,5,Y
1351736,6a,Y
1351736,6b,N
1351736,7a,N
1351736,7b,N
1351736,8a,N
1351736,8b,Y
1351736,9,N
1351736,10,N
1351736,11a,Y
1351736,11b,N
1351736,12a,Y
1351736,12b,Y
1351804,3a,Y
1351804,3b,N
1351804,4a,Y
1351804,4b,Y
1351804,5,Y
1351804,6a,Y
1351804,6b,N
1351804,7a,N
1351804,7b,N
1351804,8a,Y
1351804,8b,Y
1351804,9,N
1351804,10,N
1351804,11a,N
1351804,11b,Y
1351804,12a,Y
1351804,12b,N
1351888,3a,N
1351888,3b,N
1351888,4a,Y
1351888,4b,N
1351888,5,Y
1351888,6a,Y
1351888,6b,N
1351888,7a,N
1351888,7b,N
1351888,8a,N
1351888,8b,N
1351888,9,N
1351888,10,N
1351888,11a,N
1351888,11b,N
1351888,12a,Y
1351888,12b,N
1352011,3a,N
1352011,3b,N
1352011,4a,Y
1352011,4b,Y
1352011,5,Y
1352011,6a,Y
1352011,6b,N
1352011,7a,Y
1352011,7b,N
1352011,8a,N
1352011,8b,N
1352011,9,N
1352011,10,N
1352011,11a,N
1352011,11b,N
1352011,12a,N
1352011,12b,N
1352564,3a,N
1352564,3b,N
1352564,4a,N
1352564,4b,N
1352564,5,N
1352564,6a,Y
1352564,6b,N
1352564,7a,N
1352564,7b,N
1352564,8a,N
1352564,8b,N
1352564,9,N
1352564,10,N
1352564,11a,N
1352564,11b,N
1352564,12a,N
1352564,12b,N
1352567,3a,N
1352567,3b,N
1352567,4a,N
1352567,4b,N
1352567,5,Y
1352567,6a,N
1352567,6b,N
1352567,7a,N
1352567,7b,N
1352567,8a,N
1352567,8b,N
1352567,9,N
1352567,10,N
1352567,11a,N
1352567,11b,N
1352567,12a,N
1352567,12b,N
1352662,3a,Y
1352662,3b,N
1352662,4a,Y
1352662,4b,N
1352662,5,Y
1352662,6a,Y
1352662,6b,N
1352662,7a,N
1352662,7b,N
1352662,8a,Y
1352662,8b,N
1352662,9,N
1352662,10,N
1352662,11a,Y
1352662,11b,N
1352662,12a,N
1352662,12b,N
1352949,3a,N
1352949,3b,N
1352949,4a,Y
1352949,4b,N
1352949,5,Y
1352949,6a,Y
1352949,6b,N
1352949,7a,N
1352949,7b,N
1352949,8a,N
1352949,8b,N
1352949,9,N
1352949,10,N
1352949,11a,N
1352949,11b,N
1352949,12a,Y
1352949,12b,N
1353134,3a,N
1353134,3b,N
1353134,4a,Y
1353134,4b,Y
1353134,5,Y
1353134,6a,Y
1353134,6b,N
1353134,7a,Y
1353134,7b,N
1353134,8a,N
1353134,8b,N
1353134,9,N
1353134,10,N
1353134,11a,N
1353134,11b,N
1353134,12a,N
1353134,12b,N
1353192,3a,N
1353192,3b,N
1353192,4a,N
1353192,4b,Y
1353192,5,N
1353192,6a,Y
1353192,6b,N
1353192,7a,N
1353192,7b,N
1353192,8a,N
1353192,8b,N
1353192,9,N
1353192,10,N
1353192,11a,N
1353192,11b,N
1353192,12a,N
1353192,12b,N
1353514,3a,N
1353514,3b,N
1353514,4a,Y
1353514,4b,N
1353514,5,Y
1353514,6a,Y
1353514,6b,N
1353514,7a,N
1353514,7b,N
1353514,8a,N
1353514,8b,N
1353514,9,N
1353514,10,N
1353514,11a,N
1353514,11b,N
1353514,12a,Y
1353514,12b,N
1353708,3a,N
1353708,3b,N
1353708,4a,Y
1353708,4b,N
1353708,5,Y
1353708,6a,Y
1353708,6b,N
1353708,7a,N
1353708,7b,N
1353708,8a,N
1353708,8b,N
1353708,9,N
1353708,10,N
1353708,11a,N
1353708,11b,N
1353708,12a,Y
1353708,12b,N
1353717,3a,N
1353717,3b,N
1353717,4a,Y
1353717,4b,N
1353717,5,Y
1353717,6a,Y
1353717,6b,N
1353717,7a,N
1353717,7b,N
1353717,8a,N
1353717,8b,N
1353717,9,N
1353717,10,N
1353717,11a,Y
1353717,11b,N
1353717,12a,Y
1353717,12b,N
1353718,3a,N
1353718,3b,N
1353718,4a,N
1353718,4b,N
1353718,5,N
1353718,6a,Y
1353718,6b,N
1353718,7a,N
1353718,7b,N
1353718,8a,N
1353718,8b,N
1353718,9,N
1353718,10,N
1353718,11a,N
1353718,11b,N
1353718,12a,Y
1353718,12b,N
1353803,3a,N
1353803,3b,N
1353803,4a,Y
1353803,4b,N
1353803,5,N
1353803,6a,Y
1353803,6b,N
1353803,7a,N
1353803,7b,N
1353803,8a,Y
1353803,8b,N
1353803,9,N
1353803,10,N
1353803,11a,Y
1353803,11b,N
1353803,12a,Y
1353803,12b,N
1354086,3a,N
1354086,3b,N
1354086,4a,N
1354086,4b,N
1354086,5,N
1354086,6a,N
1354086,6b,N
1354086,7a,N
1354086,7b,N
1354086,8a,N
1354086,8b,N
1354086,9,N
1354086,10,N
1354086,11a,N
1354086,11b,N
1354086,12a,Y
1354086,12b,N
1354225,3a,Y
1354225,3b,N
1354225,4a,Y
1354225,4b,N
1354225,5,Y
1354225,6a,Y
1354225,6b,N
1354225,7a,N
1354225,7b,N
1354225,8a,N
1354225,8b,N
1354225,9,N
1354225,10,N
1354225,11a,Y
1354225,11b,N
1354225,12a,Y
1354225,12b,N
1354938,3a,Y
1354938,3b,N
1354938,4a,N
1354938,4b,N
1354938,5,Y
1354938,6a,Y
1354938,6b,N
1354938,7a,N
1354938,7b,N
1354938,8a,N
1354938,8b,N
1354938,9,N
1354938,10,N
1354938,11a,N
1354938,11b,N
1354938,12a,Y
1354938,12b,N
1355153,3a,N
1355153,3b,N
1355153,4a,N
1355153,4b,N
1355153,5,Y
1355153,6a,N
1355153,6b,N
1355153,7a,N
1355153,7b,N
1355153,8a,N
1355153,8b,N
1355153,9,N
1355153,10,N
1355153,11a,N
1355153,11b,N
1355153,12a,N
1355153,12b,N
1355797,3a,Y
1355797,3b,N
1355797,4a,N
1355797,4b,Y
1355797,5,N
1355797,6a,N
1355797,6b,N
1355797,7a,N
1355797,7b,N
1355797,8a,N
1355797,8b,N
1355797,9,N
1355797,10,N
1355797,11a,N
1355797,11b,N
1355797,12a,N
1355797,12b,N
1356024,3a,Y
1356024,3b,N
1356024,4a,Y
1356024,4b,N
1356024,5,Y
1356024,6a,Y
1356024,6b,N
1356024,7a,N
1356024,7b,N
1356024,8a,N
1356024,8b,N
1356024,9,N
1356024,10,N
1356024,11a,N
1356024,11b,N
1356024,12a,Y
1356024,12b,N
1356117,3a,Y
1356117,3b,N
1356117,4a,Y
1356117,4b,N
1356117,5,Y
1356117,6a,Y
1356117,6b,N
1356117,7a,Y
1356117,7b,N
1356117,8a,N
1356117,8b,N
1356117,9,N
1356117,10,N
1356117,11a,N
1356117,11b,N
1356117,12a,Y
1356117,12b,N
1356175,3a,N
1356175,3b,N
1356175,4a,Y
1356175,4b,N
1356175,5,Y
1356175,6a,N
1356175,6b,N
1356175,7a,N
1356175,7b,N
1356175,8a,N
1356175,8b,N
1356175,9,N
1356175,10,N
1356175,11a,N
1356175,11b,N
1356175,12a,N
1356175,12b,N
1356311,3a,Y
1356311,3b,N
1356311,4a,Y
1356311,4b,N
1356311,5,Y
1356311,6a,Y
1356311,6b,N
1356311,7a,N
1356311,7b,N
1356311,8a,Y
1356311,8b,N
1356311,9,N
1356311,10,N
1356311,11a,N
1356311,11b,N
1356311,12a,Y
1356311,12b,N
1356398,3a,N
1356398,3b,N
1356398,4a,Y
1356398,4b,N
1356398,5,Y
1356398,6a,Y
1356398,6b,N
1356398,7a,N
1356398,7b,N
1356398,8a,N
1356398,8b,N
1356398,9,N
1356398,10,N
1356398,11a,N
1356398,11b,N
1356398,12a,Y
1356398,12b,N
1356646,3a,Y
1356646,3b,N
1356646,4a,Y
1356646,4b,Y
1356646,5,Y
1356646,6a,Y
1356646,6b,N
1356646,7a,N
1356646,7b,N
1356646,8a,N
1356646,8b,N
1356646,9,N
1356646,10,N
1356646,11a,N
1356646,11b,N
1356646,12a,Y
1356646,12b,N
1356851,3a,N
1356851,3b,N
1356851,4a,Y
1356851,4b,Y
1356851,5,Y
1356851,6a,Y
1356851,6b,N
1356851,7a,Y
1356851,7b,N
1356851,8a,Y
1356851,8b,N
1356851,9,N
1356851,10,N
1356851,11a,N
1356851,11b,Y
1356851,12a,N
1356851,12b,N
1357295,3a,N
1357295,3b,N
1357295,4a,Y
1357295,4b,N
1357295,5,Y
1357295,6a,Y
1357295,6b,N
1357295,7a,N
1357295,7b,N
1357295,8a,N
1357295,8b,N
1357295,9,N
1357295,10,N
1357295,11a,N
1357295,11b,N
1357295,12a,Y
1357295,12b,N
1357453,3a,N
1357453,3b,N
1357453,4a,N
1357453,4b,N
1357453,5,N
1357453,6a,N
1357453,6b,N
1357453,7a,Y
1357453,7b,N
1357453,8a,N
1357453,8b,N
1357453,9,N
1357453,10,N
1357453,11a,N
1357453,11b,N
1357453,12a,N
1357453,12b,N
1357701,3a,N
1357701,3b,N
1357701,4a,Y
1357701,4b,N
1357701,5,Y
1357701,6a,Y
1357701,6b,N
1357701,7a,N
1357701,7b,N
1357701,8a,N
1357701,8b,N
1357701,9,N
1357701,10,N
1357701,11a,N
1357701,11b,N
1357701,12a,N
1357701,12b,N
1357998,3a,N
1357998,3b,N
1357998,4a,Y
1357998,4b,Y
1357998,5,Y
1357998,6a,Y
1357998,6b,N
1357998,7a,N
1357998,7b,N
1357998,8a,N
1357998,8b,N
1357998,9,N
1357998,10,N
1357998,11a,N
1357998,11b,N
1357998,12a,Y
1357998,12b,N
1358003,3a,Y
1358003,3b,N
1358003,4a,Y
1358003,4b,N
1358003,5,Y
1358003,6a,Y
1358003,6b,N
1358003,7a,N
1358003,7b,N
1358003,8a,N
1358003,8b,N
1358003,9,N
1358003,10,N
1358003,11a,N
1358003,11b,N
1358003,12a,Y
1358003,12b,N
1358158,3a,Y
1358158,3b,N
1358158,4a,Y
1358158,4b,N
1358158,5,Y
1358158,6a,Y
1358158,6b,N
1358158,7a,N
1358158,7b,N
1358158,8a,N
1358158,8b,N
1358158,9,N
1358158,10,N
1358158,11a,N
1358158,11b,N
1358158,12a,Y
1358158,12b,N
1358231,3a,Y
1358231,3b,N
1358231,4a,N
1358231,4b,N
1358231,5,Y
1358231,6a,Y
1358231,6b,N
1358231,7a,N
1358231,7b,N
1358231,8a,N
1358231,8b,N
1358231,9,N
1358231,10,N
1358231,11a,Y
1358231,11b,N
1358231,12a,Y
1358231,12b,N
1358496,3a,N
1358496,3b,N
1358496,4a,N
1358496,4b,N
1358496,5,Y
1358496,6a,Y
1358496,6b,N
1358496,7a,N
1358496,7b,N
1358496,8a,N
1358496,8b,N
1358496,9,N
1358496,10,N
1358496,11a,N
1358496,11b,N
1358496,12a,Y
1358496,12b,Y
1358932,3a,N
1358932,3b,N
1358932,4a,Y
1358932,4b,Y
1358932,5,Y
1358932,6a,Y
1358932,6b,N
1358932,7a,Y
1358932,7b,N
1358932,8a,N
1358932,8b,N
1358932,9,N
1358932,10,N
1358932,11a,N
1358932,11b,N
1358932,12a,Y
1358932,12b,N
1359317,3a,N
1359317,3b,N
1359317,4a,N
1359317,4b,Y
1359317,5,N
1359317,6a,Y
1359317,6b,N
1359317,7a,N
1359317,7b,N
1359317,8a,N
1359317,8b,N
1359317,9,N
1359317,10,N
1359317,11a,N
1359317,11b,N
1359317,12a,N
1359317,12b,N
1359666,3a,Y
1359666,3b,N
1359666,4a,Y
1359666,4b,N
1359666,5,Y
1359666,6a,Y
1359666,6b,N
1359666,7a,N
1359666,7b,N
1359666,8a,N
1359666,8b,N
1359666,9,N
1359666,10,N
1359666,11a,N
1359666,11b,N
1359666,12a,N
1359666,12b,N
1359809,3a,Y
1359809,3b,N
1359809,4a,N
1359809,4b,N
1359809,5,Y
1359809,6a,Y
1359809,6b,N
1359809,7a,N
1359809,7b,N
1359809,8a,N
1359809,8b,N
1359809,9,N
1359809,10,N
1359809,11a,N
1359809,11b,N
1359809,12a,Y
1359809,12b,N
1360337,3a,N
1360337,3b,N
1360337,4a,Y
1360337,4b,N
1360337,5,Y
1360337,6a,Y
1360337,6b,N
1360337,7a,Y
1360337,7b,N
1360337,8a,N
1360337,8b,N
1360337,9,N
1360337,10,N
1360337,11a,Y
1360337,11b,N
1360337,12a,Y
1360337,12b,N
1360557,3a,N
1360557,3b,N
1360557,4a,N
1360557,4b,N
1360557,5,N
1360557,6a,Y
1360557,6b,N
1360557,7a,Y
1360557,7b,N
1360557,8a,N
1360557,8b,Y
1360557,9,N
1360557,10,N
1360557,11a,N
1360557,11b,N
1360557,12a,N
1360557,12b,N
1360991,3a,Y
1360991,3b,N
1360991,4a,Y
1360991,4b,N
1360991,5,Y
1360991,6a,Y
1360991,6b,N
1360991,7a,N
1360991,7b,N
1360991,8a,N
1360991,8b,N
1360991,9,N
1360991,10,N
1360991,11a,Y
1360991,11b,Y
1360991,12a,Y
1360991,12b,N
1361068,3a,Y
1361068,3b,N
1361068,4a,Y
1361068,4b,Y
1361068,5,Y
1361068,6a,Y
1361068,6b,N
1361068,7a,Y
1361068,7b,N
1361068,8a,N
1361068,8b,N
1361068,9,N
1361068,10,N
1361068,11a,N
1361068,11b,N
1361068,12a,Y
1361068,12b,N
1362432,3a,N
1362432,3b,N
1362432,4a,Y
1362432,4b,N
1362432,5,Y
1362432,6a,Y
1362432,6b,N
1362432,7a,Y
1362432,7b,N
1362432,8a,Y
1362432,8b,Y
1362432,9,Y
1362432,10,N
1362432,11a,N
1362432,11b,N
1362432,12a,Y
1362432,12b,Y
1362746,3a,N
1362746,3b,N
1362746,4a,Y
1362746,4b,N
1362746,5,Y
1362746,6a,Y
1362746,6b,N
1362746,7a,Y
1362746,7b,N
1362746,8a,N
1362746,8b,Y
1362746,9,N
1362746,10,Y
1362746,11a,N
1362746,11b,N
1362746,12a,Y
1362746,12b,N
1362748,3a,N
1362748,3b,N
1362748,4a,Y
1362748,4b,N
1362748,5,Y
1362748,6a,Y
1362748,6b,N
1362748,7a,N
1362748,7b,N
1362748,8a,Y
1362748,8b,N
1362748,9,Y
1362748,10,N
1362748,11a,N
1362748,11b,N
1362748,12a,N
1362748,12b,N
1363221,3a,N
1363221,3b,N
1363221,4a,Y
1363221,4b,N
1363221,5,Y
1363221,6a,Y
1363221,6b,N
1363221,7a,N
1363221,7b,N
1363221,8a,N
1363221,8b,N
1363221,9,N
1363221,10,N
1363221,11a,N
1363221,11b,N
1363221,12a,Y
1363221,12b,N
1370507,3a,N
1370507,3b,N
1370507,4a,N
1370507,4b,Y
1370507,5,Y
1370507,6a,Y
1370507,6b,N
1370507,7a,N
1370507,7b,N
1370507,8a,N
1370507,8b,N
1370507,9,N
1370507,10,N
1370507,11a,N
1370507,11b,N
1370507,12a,Y
1370507,12b,N
1370510,3a,N
1370510,3b,N
1370510,4a,Y
1370510,4b,N
1370510,5,Y
1370510,6a,Y
1370510,6b,N
1370510,7a,N
1370510,7b,N
1370510,8a,N
1370510,8b,Y
1370510,9,N
1370510,10,N
1370510,11a,Y
1370510,11b,N
1370510,12a,Y
1370510,12b,N
1370511,3a,N
1370511,3b,N
1370511,4a,Y
1370511,4b,N
1370511,5,Y
1370511,6a,Y
1370511,6b,N
1370511,7a,N
1370511,7b,N
1370511,8a,N
1370511,8b,Y
1370511,9,N
1370511,10,N
1370511,11a,Y
1370511,11b,N
1370511,12a,Y
1370511,12b,N
1372126,3a,N
1372126,3b,N
1372126,4a,Y
1372126,4b,N
1372126,5,Y
1372126,6a,Y
1372126,6b,N
1372126,7a,N
1372126,7b,N
1372126,8a,N
1372126,8b,N
1372126,9,N
1372126,10,Y
1372126,11a,N
1372126,11b,N
1372126,12a,Y
1372126,12b,N
1372668,3a,N
1372668,3b,N
1372668,4a,N
1372668,4b,N
1372668,5,Y
1372668,6a,Y
1372668,6b,N
1372668,7a,N
1372668,7b,N
1372668,8a,N
1372668,8b,N
1372668,9,N
1372668,10,N
1372668,11a,N
1372668,11b,N
1372668,12a,Y
1372668,12b,N
1374040,3a,N
1374040,3b,N
1374040,4a,Y
1374040,4b,N
1374040,5,Y
1374040,6a,Y
1374040,6b,N
1374040,7a,N
1374040,7b,N
1374040,8a,N
1374040,8b,N
1374040,9,N
1374040,10,N
1374040,11a,N
1374040,11b,N
1374040,12a,N
1374040,12b,N
1374061,3a,N
1374061,3b,N
1374061,4a,Y
1374061,4b,N
1374061,5,Y
1374061,6a,Y
1374061,6b,N
1374061,7a,N
1374061,7b,N
1374061,8a,N
1374061,8b,Y
1374061,9,N
1374061,10,N
1374061,11a,N
1374061,11b,N
1374061,12a,Y
1374061,12b,Y
1376721,3a,N
1376721,3b,N
1376721,4a,Y
1376721,4b,N
1376721,5,Y
1376721,6a,Y
1376721,6b,N
1376721,7a,N
1376721,7b,N
1376721,8a,N
1376721,8b,N
1376721,9,N
1376721,10,N
1376721,11a,N
1376721,11b,N
1376721,12a,N
1376721,12b,N
1377035,3a,N
1377035,3b,N
1377035,4a,Y
1377035,4b,N
1377035,5,Y
1377035,6a,Y
1377035,6b,N
1377035,7a,N
1377035,7b,N
1377035,8a,N
1377035,8b,N
1377035,9,N
1377035,10,N
1377035,11a,Y
1377035,11b,N
1377035,12a,Y
1377035,12b,N
1377769,3a,N
1377769,3b,N
1377769,4a,N
1377769,4b,N
1377769,5,Y
1377769,6a,Y
1377769,6b,N
1377769,7a,N
1377769,7b,N
1377769,8a,N
1377769,8b,N
1377769,9,N
1377769,10,N
1377769,11a,N
1377769,11b,N
1377769,12a,N
1377769,12b,N
1378382,3a,N
1378382,3b,N
1378382,4a,N
1378382,4b,N
1378382,5,Y
1378382,6a,Y
1378382,6b,N
1378382,7a,N
1378382,7b,N
1378382,8a,N
1378382,8b,N
1378382,9,N
1378382,10,N
1378382,11a,N
1378382,11b,N
1378382,12a,N
1378382,12b,N
1378689,3a,N
1378689,3b,N
1378689,4a,N
1378689,4b,N
1378689,5,Y
1378689,6a,Y
1378689,6b,N
1378689,7a,N
1378689,7b,N
1378689,8a,N
1378689,8b,N
1378689,9,N
1378689,10,N
1378689,11a,N
1378689,11b,N
1378689,12a,Y
1378689,12b,N
1378707,3a,N
1378707,3b,N
1378707,4a,Y
1378707,4b,N
1378707,5,Y
1378707,6a,Y
1378707,6b,N
1378707,7a,N
1378707,7b,N
1378707,8a,N
1378707,8b,N
1378707,9,N
1378707,10,N
1378707,11a,N
1378707,11b,N
1378707,12a,Y
1378707,12b,N
1379740,3a,N
1379740,3b,N
1379740,4a,Y
1379740,4b,N
1379740,5,Y
1379740,6a,Y
1379740,6b,N
1379740,7a,N
1379740,7b,N
1379740,8a,N
1379740,8b,N
1379740,9,N
1379740,10,N
1379740,11a,N
1379740,11b,N
1379740,12a,Y
1379740,12b,N
1380024,3a,N
1380024,3b,N
1380024,4a,Y
1380024,4b,N
1380024,5,Y
1380024,6a,Y
1380024,6b,N
1380024,7a,N
1380024,7b,N
1380024,8a,N
1380024,8b,N
1380024,9,N
1380024,10,N
1380024,11a,N
1380024,11b,N
1380024,12a,Y
1380024,12b,N
1380411,3a,Y
1380411,3b,N
1380411,4a,N
1380411,4b,Y
1380411,5,Y
1380411,6a,Y
1380411,6b,N
1380411,7a,N
1380411,7b,N
1380411,8a,N
1380411,8b,N
1380411,9,N
1380411,10,N
1380411,11a,Y
1380411,11b,N
1380411,12a,Y
1380411,12b,N
1381070,3a,N
1381070,3b,N
1381070,4a,Y
1381070,4b,N
1381070,5,Y
1381070,6a,Y
1381070,6b,N
1381070,7a,N
1381070,7b,N
1381070,8a,N
1381070,8b,Y
1381070,9,N
1381070,10,N
1381070,11a,Y
1381070,11b,N
1381070,12a,Y
1381070,12b,N
1381210,3a,N
1381210,3b,N
1381210,4a,Y
1381210,4b,N
1381210,5,Y
1381210,6a,Y
1381210,6b,N
1381210,7a,N
1381210,7b,N
1381210,8a,N
1381210,8b,N
1381210,9,N
1381210,10,N
1381210,11a,N
1381210,11b,N
1381210,12a,Y
1381210,12b,N
1381626,3a,N
1381626,3b,N
1381626,4a,Y
1381626,4b,N
1381626,5,Y
1381626,6a,Y
1381626,6b,N
1381626,7a,Y
1381626,7b,N
1381626,8a,N
1381626,8b,Y
1381626,9,N
1381626,10,N
1381626,11a,N
1381626,11b,N
1381626,12a,Y
1381626,12b,N
1382879,3a,N
1382879,3b,N
1382879,4a,Y
1382879,4b,N
1382879,5,Y
1382879,6a,Y
1382879,6b,N
1382879,7a,N
1382879,7b,N
1382879,8a,N
1382879,8b,N
1382879,9,N
1382879,10,N
1382879,11a,N
1382879,11b,N
1382879,12a,Y
1382879,12b,N
1384304,3a,N
1384304,3b,N
1384304,4a,Y
1384304,4b,N
1384304,5,Y
1384304,6a,Y
1384304,6b,N
1384304,7a,N
1384304,7b,N
1384304,8a,N
1384304,8b,N
1384304,9,N
1384304,10,N
1384304,11a,N
1384304,11b,N
1384304,12a,Y
1384304,12b,N
1384397,3a,N
1384397,3b,N
1384397,4a,Y
1384397,4b,N
1384397,5,Y
1384397,6a,Y
1384397,6b,N
1384397,7a,N
1384397,7b,N
1384397,8a,N
1384397,8b,N
1384397,9,N
1384397,10,N
1384397,11a,Y
1384397,11b,N
1384397,12a,Y
1384397,12b,N
1384762,3a,N
1384762,3b,N
1384762,4a,Y
1384762,4b,N
1384762,5,Y
1384762,6a,Y
1384762,6b,N
1384762,7a,N
1384762,7b,N
1384762,8a,N
1384762,8b,N
1384762,9,N
1384762,10,N
1384762,11a,N
1384762,11b,N
1384762,12a,Y
1384762,12b,N
1385567,3a,Y
1385567,3b,N
1385567,4a,Y
1385567,4b,N
1385567,5,Y
1385567,6a,Y
1385567,6b,N
1385567,7a,N
1385567,7b,N
1385567,8a,N
1385567,8b,N
1385567,9,N
1385567,10,N
1385567,11a,N
1385567,11b,N
1385567,12a,Y
1385567,12b,N
1385971,3a,N
1385971,3b,N
1385971,4a,N
1385971,4b,N
1385971,5,N
1385971,6a,Y
1385971,6b,N
1385971,7a,N
1385971,7b,N
1385971,8a,N
1385971,8b,N
1385971,9,N
1385971,10,N
1385971,11a,N
1385971,11b,N
1385971,12a,N
1385971,12b,N
1385972,3a,Y
1385972,3b,N
1385972,4a,N
1385972,4b,N
1385972,5,Y
1385972,6a,Y
1385972,6b,N
1385972,7a,N
1385972,7b,N
1385972,8a,N
1385972,8b,N
1385972,9,N
1385972,10,N
1385972,11a,N
1385972,11b,N
1385972,12a,Y
1385972,12b,N
1386065,3a,N
1386065,3b,N
1386065,4a,Y
1386065,4b,N
1386065,5,Y
1386065,6a,Y
1386065,6b,N
1386065,7a,Y
1386065,7b,N
1386065,8a,N
1386065,8b,N
1386065,9,N
1386065,10,N
1386065,11a,Y
1386065,11b,N
1386065,12a,Y
1386065,12b,N
1386523,3a,Y
1386523,3b,N
1386523,4a,Y
1386523,4b,Y
1386523,5,Y
1386523,6a,Y
1386523,6b,N
1386523,7a,Y
1386523,7b,N
1386523,8a,N
1386523,8b,N
1386523,9,N
1386523,10,N
1386523,11a,Y
1386523,11b,N
1386523,12a,Y
1386523,12b,N
1386857,3a,Y
1386857,3b,N
1386857,4a,Y
1386857,4b,N
1386857,5,Y
1386857,6a,Y
1386857,6b,N
1386857,7a,N
1386857,7b,N
1386857,8a,N
1386857,8b,N
1386857,9,N
1386857,10,N
1386857,11a,N
1386857,11b,N
1386857,12a,Y
1386857,12b,N
1387604,3a,N
1387604,3b,N
1387604,4a,N
1387604,4b,N
1387604,5,N
1387604,6a,Y
1387604,6b,N
1387604,7a,N
1387604,7b,N
1387604,8a,N
1387604,8b,N
1387604,9,N
1387604,10,N
1387604,11a,N
1387604,11b,N
1387604,12a,N
1387604,12b,N
1388038,3a,Y
1388038,3b,N
1388038,4a,Y
1388038,4b,Y
1388038,5,Y
1388038,6a,Y
1388038,6b,N
1388038,7a,N
1388038,7b,N
1388038,8a,N
1388038,8b,Y
1388038,9,N
1388038,10,N
1388038,11a,Y
1388038,11b,N
1388038,12a,Y
1388038,12b,Y
1388048,3a,N
1388048,3b,N
1388048,4a,Y
1388048,4b,N
1388048,5,Y
1388048,6a,Y
1388048,6b,N
1388048,7a,N
1388048,7b,N
1388048,8a,N
1388048,8b,N
1388048,9,N
1388048,10,N
1388048,11a,N
1388048,11b,N
1388048,12a,Y
1388048,12b,N
1388181,3a,N
1388181,3b,N
1388181,4a,Y
1388181,4b,Y
1388181,5,Y
1388181,6a,Y
1388181,6b,N
1388181,7a,N
1388181,7b,N
1388181,8a,N
1388181,8b,N
1388181,9,N
1388181,10,N
1388181,11a,Y
1388181,11b,N
1388181,12a,Y
1388181,12b,N
1388220,3a,N
1388220,3b,N
1388220,4a,N
1388220,4b,N
1388220,5,Y
1388220,6a,Y
1388220,6b,N
1388220,7a,N
1388220,7b,N
1388220,8a,N
1388220,8b,N
1388220,9,Y
1388220,10,N
1388220,11a,N
1388220,11b,N
1388220,12a,Y
1388220,12b,N
1388336,3a,N
1388336,3b,N
1388336,4a,Y
1388336,4b,N
1388336,5,Y
1388336,6a,Y
1388336,6b,N
1388336,7a,N
1388336,7b,N
1388336,8a,N
1388336,8b,N
1388336,9,N
1388336,10,N
1388336,11a,N
1388336,11b,N
1388336,12a,Y
1388336,12b,N
1388337,3a,N
1388337,3b,N
1388337,4a,Y
1388337,4b,N
1388337,5,Y
1388337,6a,Y
1388337,6b,N
1388337,7a,N
1388337,7b,N
1388337,8a,N
1388337,8b,N
1388337,9,N
1388337,10,N
1388337,11a,Y
1388337,11b,N
1388337,12a,Y
1388337,12b,N
1388338,3a,N
1388338,3b,N
1388338,4a,Y
1388338,4b,N
1388338,5,Y
1388338,6a,Y
1388338,6b,N
1388338,7a,N
1388338,7b,N
1388338,8a,N
1388338,8b,N
1388338,9,N
1388338,10,N
1388338,11a,Y
1388338,11b,N
1388338,12a,N
1388338,12b,N
1389512,3a,N
1389512,3b,N
1389512,4a,Y
1389512,4b,N
1389512,5,Y
1389512,6a,Y
1389512,6b,N
1389512,7a,N
1389512,7b,N
1389512,8a,N
1389512,8b,N
1389512,9,N
1389512,10,Y
1389512,11a,N
1389512,11b,N
1389512,12a,N
1389512,12b,N
1389513,3a,N
1389513,3b,N
1389513,4a,N
1389513,4b,N
1389513,5,N
1389513,6a,Y
1389513,6b,N
1389513,7a,N
1389513,7b,N
1389513,8a,N
1389513,8b,N
1389513,9,N
1389513,10,N
1389513,11a,N
1389513,11b,N
1389513,12a,Y
1389513,12b,N
1389519,3a,N
1389519,3b,N
1389519,4a,Y
1389519,4b,N
1389519,5,Y
1389519,6a,Y
1389519,6b,N
1389519,7a,Y
1389519,7b,N
1389519,8a,N
1389519,8b,Y
1389519,9,N
1389519,10,Y
1389519,11a,N
1389519,11b,N
1389519,12a,Y
1389519,12b,Y
1389521,3a,N
1389521,3b,N
1389521,4a,Y
1389521,4b,N
1389521,5,Y
1389521,6a,Y
1389521,6b,N
1389521,7a,Y
1389521,7b,N
1389521,8a,Y
1389521,8b,Y
1389521,9,N
1389521,10,Y
1389521,11a,N
1389521,11b,N
1389521,12a,Y
1389521,12b,N
1389525,3a,N
1389525,3b,N
1389525,4a,N
1389525,4b,N
1389525,5,Y
1389525,6a,Y
1389525,6b,N
1389525,7a,N
1389525,7b,N
1389525,8a,N
1389525,8b,N
1389525,9,N
1389525,10,N
1389525,11a,N
1389525,11b,N
1389525,12a,Y
1389525,12b,N
1389714,3a,Y
1389714,3b,N
1389714,4a,Y
1389714,4b,N
1389714,5,Y
1389714,6a,Y
1389714,6b,N
1389714,7a,N
1389714,7b,N
1389714,8a,N
1389714,8b,N
1389714,9,N
1389714,10,N
1389714,11a,N
1389714,11b,N
1389714,12a,Y
1389714,12b,N
1389734,3a,N
1389734,3b,N
1389734,4a,N
1389734,4b,N
1389734,5,N
1389734,6a,Y
1389734,6b,N
1389734,7a,N
1389734,7b,N
1389734,8a,N
1389734,8b,N
1389734,9,N
1389734,10,N
1389734,11a,N
1389734,11b,N
1389734,12a,Y
1389734,12b,N
1389822,3a,N
1389822,3b,N
1389822,4a,Y
1389822,4b,N
1389822,5,Y
1389822,6a,Y
1389822,6b,N
1389822,7a,N
1389822,7b,N
1389822,8a,N
1389822,8b,N
1389822,9,N
1389822,10,N
1389822,11a,N
1389822,11b,N
1389822,12a,Y
1389822,12b,N
1389826,3a,N
1389826,3b,N
1389826,4a,N
1389826,4b,N
1389826,5,Y
1389826,6a,Y
1389826,6b,N
1389826,7a,N
1389826,7b,N
1389826,8a,N
1389826,8b,N
1389826,9,N
1389826,10,N
1389826,11a,Y
1389826,11b,N
1389826,12a,Y
1389826,12b,N
1389931,3a,Y
1389931,3b,N
1389931,4a,N
1389931,4b,N
1389931,5,Y
1389931,6a,Y
1389931,6b,N
1389931,7a,N
1389931,7b,N
1389931,8a,Y
1389931,8b,N
1389931,9,N
1389931,10,N
1389931,11a,N
1389931,11b,N
1389931,12a,Y
1389931,12b,N
1389934,3a,N
1389934,3b,N
1389934,4a,N
1389934,4b,N
1389934,5,Y
1389934,6a,Y
1389934,6b,N
1389934,7a,N
1389934,7b,N
1389934,8a,N
1389934,8b,N
1389934,9,N
1389934,10,N
1389934,11a,N
1389934,11b,N
1389934,12a,Y
1389934,12b,N
1389935,3a,Y
1389935,3b,N
1389935,4a,Y
1389935,4b,N
1389935,5,Y
1389935,6a,Y
1389935,6b,N
1389935,7a,N
1389935,7b,N
1389935,8a,N
1389935,8b,N
1389935,9,N
1389935,10,N
1389935,11a,N
1389935,11b,N
1389935,12a,Y
1389935,12b,Y
1389952,3a,N
1389952,3b,N
1389952,4a,N
1389952,4b,N
1389952,5,Y
1389952,6a,Y
1389952,6b,N
1389952,7a,N
1389952,7b,N
1389952,8a,N
1389952,8b,N
1389952,9,N
1389952,10,N
1389952,11a,N
1389952,11b,N
1389952,12a,Y
1389952,12b,N
1390340,3a,Y
1390340,3b,N
1390340,4a,Y
1390340,4b,N
1390340,5,Y
1390340,6a,Y
1390340,6b,N
1390340,7a,Y
1390340,7b,N
1390340,8a,N
1390340,8b,N
1390340,9,N
1390340,10,N
1390340,11a,N
1390340,11b,N
1390340,12a,Y
1390340,12b,N
1390504,3a,N
1390504,3b,N
1390504,4a,N
1390504,4b,N
1390504,5,N
1390504,6a,Y
1390504,6b,N
1390504,7a,N
1390504,7b,N
1390504,8a,N
1390504,8b,N
1390504,9,N
1390504,10,N
1390504,11a,N
1390504,11b,N
1390504,12a,N
1390504,12b,N
1394200,3a,N
1394200,3b,N
1394200,4a,N
1394200,4b,N
1394200,5,Y
1394200,6a,Y
1394200,6b,N
1394200,7a,N
1394200,7b,N
1394200,8a,N
1394200,8b,N
1394200,9,N
1394200,10,N
1394200,11a,N
1394200,11b,N
1394200,12a,Y
1394200,12b,N
1394752,3a,Y
1394752,3b,N
1394752,4a,Y
1394752,4b,N
1394752,5,Y
1394752,6a,Y
1394752,6b,N
1394752,7a,N
1394752,7b,N
1394752,8a,N
1394752,8b,N
1394752,9,N
1394752,10,N
1394752,11a,N
1394752,11b,N
1394752,12a,Y
1394752,12b,N
1394753,3a,N
1394753,3b,N
1394753,4a,Y
1394753,4b,N
1394753,5,Y
1394753,6a,Y
1394753,6b,N
1394753,7a,Y
1394753,7b,N
1394753,8a,N
1394753,8b,N
1394753,9,N
1394753,10,N
1394753,11a,N
1394753,11b,N
1394753,12a,Y
1394753,12b,N
1396108,3a,N
1396108,3b,N
1396108,4a,N
1396108,4b,N
1396108,5,Y
1396108,6a,Y
1396108,6b,N
1396108,7a,N
1396108,7b,N
1396108,8a,Y
1396108,8b,N
1396108,9,N
1396108,10,N
1396108,11a,Y
1396108,11b,N
1396108,12a,Y
1396108,12b,N
1396287,3a,N
1396287,3b,N
1396287,4a,Y
1396287,4b,N
1396287,5,Y
1396287,6a,Y
1396287,6b,N
1396287,7a,N
1396287,7b,N
1396287,8a,N
1396287,8b,N
1396287,9,N
1396287,10,N
1396287,11a,N
1396287,11b,N
1396287,12a,N
1396287,12b,N
1396292,3a,N
1396292,3b,N
1396292,4a,Y
1396292,4b,Y
1396292,5,Y
1396292,6a,Y
1396292,6b,N
1396292,7a,Y
1396292,7b,N
1396292,8a,N
1396292,8b,N
1396292,9,Y
1396292,10,N
1396292,11a,N
1396292,11b,N
1396292,12a,N
1396292,12b,N
1398238,3a,N
1398238,3b,N
1398238,4a,N
1398238,4b,N
1398238,5,N
1398238,6a,Y
1398238,6b,N
1398238,7a,N
1398238,7b,N
1398238,8a,N
1398238,8b,N
1398238,9,N
1398238,10,N
1398238,11a,N
1398238,11b,N
1398238,12a,Y
1398238,12b,N
1398561,3a,N
1398561,3b,N
1398561,4a,Y
1398561,4b,N
1398561,5,Y
1398561,6a,Y
1398561,6b,N
1398561,7a,N
1398561,7b,N
1398561,8a,N
1398561,8b,N
1398561,9,N
1398561,10,Y
1398561,11a,N
1398561,11b,N
1398561,12a,Y
1398561,12b,N
1399429,3a,N
1399429,3b,N
1399429,4a,N
1399429,4b,N
1399429,5,Y
1399429,6a,Y
1399429,6b,N
1399429,7a,Y
1399429,7b,N
1399429,8a,N
1399429,8b,N
1399429,9,N
1399429,10,N
1399429,11a,Y
1399429,11b,N
1399429,12a,Y
1399429,12b,N
1399729,3a,N
1399729,3b,N
1399729,4a,N
1399729,4b,N
1399729,5,N
1399729,6a,Y
1399729,6b,N
1399729,7a,N
1399729,7b,N
1399729,8a,N
1399729,8b,N
1399729,9,N
1399729,10,N
1399729,11a,N
1399729,11b,N
1399729,12a,N
1399729,12b,N
13129448,3a,Y
13129448,3b,N
13129448,4a,N
13129448,4b,N
13129448,5,Y
13129448,6a,Y
13129448,6b,N
13129448,7a,N
13129448,7b,N
13129448,8a,N
13129448,8b,N
13129448,9,N
13129448,10,N
13129448,11a,N
13129448,11b,Y
13129448,12a,Y
13129448,12b,N
13129459,3a,N
13129459,3b,N
13129459,4a,Y
13129459,4b,Y
13129459,5,Y
13129459,6a,Y
13129459,6b,N
13129459,7a,N
13129459,7b,N
13129459,8a,N
13129459,8b,N
13129459,9,Y
13129459,10,N
13129459,11a,Y
13129459,11b,Y
13129459,12a,Y
13129459,12b,N
13129460,3a,Y
13129460,3b,N
13129460,4a,Y
13129460,4b,N
13129460,5,Y
13129460,6a,Y
13129460,6b,N
13129460,7a,N
13129460,7b,N
13129460,8a,N
13129460,8b,N
13129460,9,N
13129460,10,N
13129460,11a,N
13129460,11b,N
13129460,12a,Y
13129460,12b,N
13129464,3a,N
13129464,3b,N
13129464,4a,Y
13129464,4b,Y
13129464,5,Y
13129464,6a,Y
13129464,6b,N
13129464,7a,Y
13129464,7b,N
13129464,8a,N
13129464,8b,Y
13129464,9,N
13129464,10,N
13129464,11a,N
13129464,11b,Y
13129464,12a,Y
13129464,12b,N
13129466,3a,Y
13129466,3b,N
13129466,4a,Y
13129466,4b,N
13129466,5,Y
13129466,6a,Y
13129466,6b,N
13129466,7a,Y
13129466,7b,N
13129466,8a,N
13129466,8b,Y
13129466,9,N
13129466,10,N
13129466,11a,N
13129466,11b,N
13129466,12a,Y
13129466,12b,N
13129472,3a,Y
13129472,3b,N
13129472,4a,Y
13129472,4b,N
13129472,5,Y
13129472,6a,Y
13129472,6b,N
13129472,7a,N
13129472,7b,N
13129472,8a,N
13129472,8b,Y
13129472,9,N
13129472,10,N
13129472,11a,Y
13129472,11b,Y
13129472,12a,Y
13129472,12b,N
13129479,3a,Y
13129479,3b,N
13129479,4a,Y
13129479,4b,N
13129479,5,Y
13129479,6a,Y
13129479,6b,N
13129479,7a,N
13129479,7b,N
13129479,8a,N
13129479,8b,N
13129479,9,N
13129479,10,N
13129479,11a,Y
13129479,11b,N
13129479,12a,Y
13129479,12b,Y
13129633,3a,N
13129633,3b,N
13129633,4a,N
13129633,4b,N
13129633,5,Y
13129633,6a,Y
13129633,6b,N
13129633,7a,N
13129633,7b,N
13129633,8a,N
13129633,8b,N
13129633,9,N
13129633,10,N
13129633,11a,Y
13129633,11b,N
13129633,12a,Y
13129633,12b,N
13129985,3a,N
13129985,3b,Y
13129985,4a,Y
13129985,4b,Y
13129985,5,Y
13129985,6a,Y
13129985,6b,N
13129985,7a,Y
13129985,7b,Y
13129985,8a,Y
13129985,8b,Y
13129985,9,Y
13129985,10,N
13129985,11a,Y
13129985,11b,N
13129985,12a,Y
13129985,12b,Y
13129987,3a,N
13129987,3b,N
13129987,4a,Y
13129987,4b,N
13129987,5,Y
13129987,6a,Y
13129987,6b,N
13129987,7a,Y
13129987,7b,N
13129987,8a,Y
13129987,8b,N
13129987,9,N
13129987,10,Y
13129987,11a,Y
13129987,11b,N
13129987,12a,Y
13129987,12b,N
13677579,3a,N
13677579,3b,N
13677579,4a,Y
13677579,4b,N
13677579,5,Y
13677579,6a,Y
13677579,6b,N
13677579,7a,Y
13677579,7b,N
13677579,8a,N
13677579,8b,Y
13677579,9,N
13677579,10,N
13677579,11a,N
13677579,11b,N
13677579,12a,Y
13677579,12b,N
13678227,3a,N
13678227,3b,N
13678227,4a,N
13678227,4b,N
13678227,5,Y
13678227,6a,Y
13678227,6b,N
13678227,7a,N
13678227,7b,N
13678227,8a,Y
13678227,8b,N
13678227,9,N
13678227,10,N
13678227,11a,N
13678227,11b,Y
13678227,12a,N
13678227,12b,N
13678426,3a,Y
13678426,3b,N
13678426,4a,Y
13678426,4b,Y
13678426,5,Y
13678426,6a,Y
13678426,6b,N
13678426,7a,Y
13678426,7b,N
13678426,8a,N
13678426,8b,N
13678426,9,N
13678426,10,N
13678426,11a,Y
13678426,11b,N
13678426,12a,Y
13678426,12b,N
13678427,3a,Y
13678427,3b,N
13678427,4a,Y
13678427,4b,N
13678427,5,Y
13678427,6a,Y
13678427,6b,N
13678427,7a,N
13678427,7b,N
13678427,8a,N
13678427,8b,N
13678427,9,N
13678427,10,N
13678427,11a,N
13678427,11b,N
13678427,12a,Y
13678427,12b,Y
13678475,3a,Y
13678475,3b,N
13678475,4a,Y
13678475,4b,Y
13678475,5,Y
13678475,6a,Y
13678475,6b,N
13678475,7a,Y
13678475,7b,N
13678475,8a,Y
13678475,8b,N
13678475,9,N
13678475,10,N
13678475,11a,Y
13678475,11b,N
13678475,12a,Y
13678475,12b,Y
13678478,3a,Y
13678478,3b,N
13678478,4a,Y
13678478,4b,N
13678478,5,Y
13678478,6a,Y
13678478,6b,N
13678478,7a,Y
13678478,7b,N
13678478,8a,Y
13678478,8b,N
13678478,9,Y
13678478,10,N
13678478,11a,Y
13678478,11b,Y
13678478,12a,Y
13678478,12b,Y
13678479,3a,Y
13678479,3b,N
13678479,4a,Y
13678479,4b,N
13678479,5,Y
13678479,6a,Y
13678479,6b,N
13678479,7a,Y
13678479,7b,N
13678479,8a,Y
13678479,8b,N
13678479,9,Y
13678479,10,N
13678479,11a,Y
13678479,11b,Y
13678479,12a,Y
13678479,12b,Y
13678769,3a,N
13678769,3b,N
13678769,4a,Y
13678769,4b,N
13678769,5,Y
13678769,6a,Y
13678769,6b,N
13678769,7a,Y
13678769,7b,N
13678769,8a,N
13678769,8b,N
13678769,9,N
13678769,10,N
13678769,11a,Y
13678769,11b,N
13678769,12a,Y
13678769,12b,Y
13678770,3a,Y
13678770,3b,N
13678770,4a,Y
13678770,4b,N
13678770,5,N
13678770,6a,Y
13678770,6b,N
13678770,7a,N
13678770,7b,N
13678770,8a,N
13678770,8b,N
13678770,9,N
13678770,10,N
13678770,11a,N
13678770,11b,N
13678770,12a,Y
13678770,12b,N
13678775,3a,N
13678775,3b,N
13678775,4a,Y
13678775,4b,Y
13678775,5,Y
13678775,6a,Y
13678775,6b,N
13678775,7a,N
13678775,7b,N
13678775,8a,Y
13678775,8b,Y
13678775,9,N
13678775,10,Y
13678775,11a,Y
13678775,11b,N
13678775,12a,Y
13678775,12b,N
13678868,3a,Y
13678868,3b,N
13678868,4a,Y
13678868,4b,N
13678868,5,Y
13678868,6a,Y
13678868,6b,N
13678868,7a,Y
13678868,7b,Y
13678868,8a,N
13678868,8b,N
13678868,9,N
13678868,10,Y
13678868,11a,N
13678868,11b,N
13678868,12a,Y
13678868,12b,Y
13678869,3a,Y
13678869,3b,N
13678869,4a,Y
13678869,4b,Y
13678869,5,Y
13678869,6a,Y
13678869,6b,N
13678869,7a,Y
13678869,7b,N
13678869,8a,N
13678869,8b,N
13678869,9,N
13678869,10,Y
13678869,11a,N
13678869,11b,N
13678869,12a,Y
13678869,12b,Y
13678870,3a,Y
13678870,3b,N
13678870,4a,Y
13678870,4b,Y
13678870,5,Y
13678870,6a,Y
13678870,6b,N
13678870,7a,Y
13678870,7b,N
13678870,8a,N
13678870,8b,N
13678870,9,N
13678870,10,Y
13678870,11a,N
13678870,11b,N
13678870,12a,Y
13678870,12b,N
13678871,3a,Y
13678871,3b,N
13678871,4a,Y
13678871,4b,N
13678871,5,Y
13678871,6a,Y
13678871,6b,N
13678871,7a,Y
13678871,7b,N
13678871,8a,N
13678871,8b,N
13678871,9,N
13678871,10,Y
13678871,11a,Y
13678871,11b,N
13678871,12a,Y
13678871,12b,Y
13678873,3a,N
13678873,3b,N
13678873,4a,Y
13678873,4b,N
13678873,5,Y
13678873,6a,Y
13678873,6b,N
13678873,7a,Y
13678873,7b,N
13678873,8a,Y
13678873,8b,Y
13678873,9,N
13678873,10,Y
13678873,11a,Y
13678873,11b,N
13678873,12a,Y
13678873,12b,N
13678914,3a,N
13678914,3b,N
13678914,4a,N
13678914,4b,N
13678914,5,N
13678914,6a,Y
13678914,6b,N
13678914,7a,N
13678914,7b,N
13678914,8a,N
13678914,8b,N
13678914,9,N
13678914,10,N
13678914,11a,N
13678914,11b,N
13678914,12a,N
13678914,12b,N
13678916,3a,Y
13678916,3b,N
13678916,4a,Y
13678916,4b,N
13678916,5,Y
13678916,6a,Y
13678916,6b,N
13678916,7a,Y
13678916,7b,N
13678916,8a,N
13678916,8b,Y
13678916,9,N
13678916,10,N
13678916,11a,N
13678916,11b,N
13678916,12a,Y
13678916,12b,Y
13678928,3a,N
13678928,3b,N
13678928,4a,Y
13678928,4b,N
13678928,5,Y
13678928,6a,Y
13678928,6b,N
13678928,7a,N
13678928,7b,N
13678928,8a,N
13678928,8b,N
13678928,9,N
13678928,10,N
13678928,11a,Y
13678928,11b,N
13678928,12a,Y
13678928,12b,N
13678971,3a,N
13678971,3b,N
13678971,4a,N
13678971,4b,N
13678971,5,Y
13678971,6a,Y
13678971,6b,N
13678971,7a,Y
13678971,7b,Y
13678971,8a,Y
13678971,8b,Y
13678971,9,Y
13678971,10,N
13678971,11a,N
13678971,11b,N
13678971,12a,Y
13678971,12b,N
13678973,3a,Y
13678973,3b,Y
13678973,4a,N
13678973,4b,N
13678973,5,Y
13678973,6a,Y
13678973,6b,N
13678973,7a,Y
13678973,7b,N
13678973,8a,N
13678973,8b,N
13678973,9,N
13678973,10,N
13678973,11a,Y
13678973,11b,N
13678973,12a,Y
13678973,12b,N
13679494,3a,Y
13679494,3b,N
13679494,4a,Y
13679494,4b,Y
13679494,5,Y
13679494,6a,Y
13679494,6b,N
13679494,7a,Y
13679494,7b,N
13679494,8a,N
13679494,8b,N
13679494,9,N
13679494,10,N
13679494,11a,N
13679494,11b,Y
13679494,12a,Y
13679494,12b,N
13679496,3a,N
13679496,3b,N
13679496,4a,Y
13679496,4b,Y
13679496,5,Y
13679496,6a,Y
13679496,6b,N
13679496,7a,N
13679496,7b,N
13679496,8a,N
13679496,8b,N
13679496,9,N
13679496,10,N
13679496,11a,N
13679496,11b,N
13679496,12a,Y
13679496,12b,N
13679822,3a,Y
13679822,3b,N
13679822,4a,Y
13679822,4b,N
13679822,5,Y
13679822,6a,Y
13679822,6b,N
13679822,7a,N
13679822,7b,N
13679822,8a,N
13679822,8b,N
13679822,9,N
13679822,10,N
13679822,11a,N
13679822,11b,N
13679822,12a,Y
13679822,12b,N
13680082,3a,Y
13680082,3b,N
13680082,4a,N
13680082,4b,N
13680082,5,Y
13680082,6a,Y
13680082,6b,N
13680082,7a,N
13680082,7b,N
13680082,8a,N
13680082,8b,N
13680082,9,N
13680082,10,N
13680082,11a,N
13680082,11b,N
13680082,12a,Y
13680082,12b,N
13680104,3a,N
13680104,3b,N
13680104,4a,Y
13680104,4b,N
13680104,5,Y
13680104,6a,Y
13680104,6b,N
13680104,7a,N
13680104,7b,N
13680104,8a,N
13680104,8b,N
13680104,9,N
13680104,10,N
13680104,11a,N
13680104,11b,N
13680104,12a,Y
13680104,12b,N
13680141,3a,N
13680141,3b,N
13680141,4a,Y
13680141,4b,N
13680141,5,N
13680141,6a,Y
13680141,6b,N
13680141,7a,N
13680141,7b,N
13680141,8a,N
13680141,8b,N
13680141,9,N
13680141,10,N
13680141,11a,Y
13680141,11b,N
13680141,12a,Y
13680141,12b,N
13680163,3a,Y
13680163,3b,N
13680163,4a,Y
13680163,4b,N
13680163,5,Y
13680163,6a,Y
13680163,6b,N
13680163,7a,N
13680163,7b,N
13680163,8a,N
13680163,8b,N
13680163,9,N
13680163,10,Y
13680163,11a,N
13680163,11b,N
13680163,12a,Y
13680163,12b,N
13680283,3a,Y
13680283,3b,N
13680283,4a,Y
13680283,4b,N
13680283,5,Y
13680283,6a,Y
13680283,6b,N
13680283,7a,Y
13680283,7b,N
13680283,8a,Y
13680283,8b,Y
13680283,9,Y
13680283,10,Y
13680283,11a,N
13680283,11b,Y
13680283,12a,Y
13680283,12b,Y
13680286,3a,Y
13680286,3b,N
13680286,4a,Y
13680286,4b,Y
13680286,5,Y
13680286,6a,Y
13680286,6b,N
13680286,7a,Y
13680286,7b,N
13680286,8a,Y
13680286,8b,Y
13680286,9,Y
13680286,10,Y
13680286,11a,N
13680286,11b,N
13680286,12a,Y
13680286,12b,Y
13680547,3a,N
13680547,3b,N
13680547,4a,Y
13680547,4b,N
13680547,5,Y
13680547,6a,Y
13680547,6b,N
13680547,7a,N
13680547,7b,N
13680547,8a,N
13680547,8b,Y
13680547,9,N
13680547,10,N
13680547,11a,N
13680547,11b,N
13680547,12a,Y
13680547,12b,Y
1315664,3a,N
1315664,3b,N
1315664,4a,N
1315664,4b,N
1315664,5,N
1315664,6a,N
1315664,6b,N
1315664,7a,Y
1315664,7b,N
1315664,8a,N
1315664,8b,N
1315664,9,N
1315664,10,N
1315664,11a,N
1315664,11b,N
1315664,12a,Y
1315664,12b,N
1315665,3a,N
1315665,3b,Y
1315665,4a,N
1315665,4b,N
1315665,5,N
1315665,6a,Y
1315665,6b,N
1315665,7a,Y
1315665,7b,Y
1315665,8a,N
1315665,8b,N
1315665,9,N
1315665,10,N
1315665,11a,N
1315665,11b,N
1315665,12a,Y
1315665,12b,N
1320306,3a,N
1320306,3b,N
1320306,4a,Y
1320306,4b,Y
1320306,5,Y
1320306,6a,Y
1320306,6b,N
1320306,7a,N
1320306,7b,N
1320306,8a,N
1320306,8b,N
1320306,9,N
1320306,10,N
1320306,11a,N
1320306,11b,N
1320306,12a,Y
1320306,12b,N
1324645,3a,N
1324645,3b,N
1324645,4a,N
1324645,4b,N
1324645,5,N
1324645,6a,N
1324645,6b,N
1324645,7a,N
1324645,7b,N
1324645,8a,N
1324645,8b,N
1324645,9,N
1324645,10,N
1324645,11a,N
1324645,11b,N
1324645,12a,N
1324645,12b,N
1326318,3a,N
1326318,3b,N
1326318,4a,N
1326318,4b,N
1326318,5,Y
1326318,6a,Y
1326318,6b,N
1326318,7a,N
1326318,7b,N
1326318,8a,N
1326318,8b,N
1326318,9,N
1326318,10,N
1326318,11a,N
1326318,11b,N
1326318,12a,N
1326318,12b,N
1329479,3a,N
1329479,3b,N
1329479,4a,N
1329479,4b,N
1329479,5,N
1329479,6a,N
1329479,6b,N
1329479,7a,N
1329479,7b,N
1329479,8a,N
1329479,8b,N
1329479,9,N
1329479,10,N
1329479,11a,N
1329479,11b,N
1329479,12a,N
1329479,12b,N
1330434,3a,N
1330434,3b,N
1330434,4a,Y
1330434,4b,Y
1330434,5,Y
1330434,6a,Y
1330434,6b,N
1330434,7a,Y
1330434,7b,Y
1330434,8a,Y
1330434,8b,Y
1330434,9,Y
1330434,10,Y
1330434,11a,Y
1330434,11b,N
1330434,12a,Y
1330434,12b,N
1339108,3a,N
1339108,3b,N
1339108,4a,N
1339108,4b,N
1339108,5,N
1339108,6a,N
1339108,6b,N
1339108,7a,N
1339108,7b,N
1339108,8a,N
1339108,8b,N
1339108,9,N
1339108,10,N
1339108,11a,N
1339108,11b,N
1339108,12a,N
1339108,12b,N
1341234,3a,N
1341234,3b,N
1341234,4a,N
1341234,4b,N
1341234,5,N
1341234,6a,N
1341234,6b,N
1341234,7a,N
1341234,7b,N
1341234,8a,N
1341234,8b,N
1341234,9,N
1341234,10,N
1341234,11a,N
1341234,11b,N
1341234,12a,N
1341234,12b,N
1346170,3a,N
1346170,3b,N
1346170,4a,N
1346170,4b,N
1346170,5,N
1346170,6a,N
1346170,6b,N
1346170,7a,N
1346170,7b,N
1346170,8a,N
1346170,8b,N
1346170,9,N
1346170,10,N
1346170,11a,N
1346170,11b,N
1346170,12a,N
1346170,12b,N
1346171,3a,N
1346171,3b,N
1346171,4a,N
1346171,4b,N
1346171,5,N
1346171,6a,N
1346171,6b,N
1346171,7a,N
1346171,7b,N
1346171,8a,N
1346171,8b,N
1346171,9,N
1346171,10,N
1346171,11a,N
1346171,11b,N
1346171,12a,N
1346171,12b,N
1346172,3a,N
1346172,3b,N
1346172,4a,N
1346172,4b,N
1346172,5,N
1346172,6a,Y
1346172,6b,N
1346172,7a,N
1346172,7b,N
1346172,8a,N
1346172,8b,N
1346172,9,N
1346172,10,N
1346172,11a,N
1346172,11b,N
1346172,12a,N
1346172,12b,N
1346283,3a,N
1346283,3b,N
1346283,4a,N
1346283,4b,N
1346283,5,Y
1346283,6a,N
1346283,6b,N
1346283,7a,N
1346283,7b,N
1346283,8a,N
1346283,8b,N
1346283,9,N
1346283,10,N
1346283,11a,N
1346283,11b,N
1346283,12a,N
1346283,12b,N
1346410,3a,N
1346410,3b,N
1346410,4a,N
1346410,4b,N
1346410,5,N
1346410,6a,Y
1346410,6b,N
1346410,7a,N
1346410,7b,N
1346410,8a,N
1346410,8b,N
1346410,9,N
1346410,10,N
1346410,11a,N
1346410,11b,N
1346410,12a,Y
1346410,12b,N
1346413,3a,N
1346413,3b,N
1346413,4a,N
1346413,4b,N
1346413,5,N
1346413,6a,N
1346413,6b,N
1346413,7a,N
1346413,7b,N
1346413,8a,N
1346413,8b,N
1346413,9,N
1346413,10,N
1346413,11a,N
1346413,11b,N
1346413,12a,N
1346413,12b,N
1347803,3a,N
1347803,3b,N
1347803,4a,N
1347803,4b,N
1347803,5,N
1347803,6a,N
1347803,6b,N
1347803,7a,N
1347803,7b,N
1347803,8a,N
1347803,8b,N
1347803,9,N
1347803,10,N
1347803,11a,N
1347803,11b,N
1347803,12a,N
1347803,12b,N
1348515,3a,N
1348515,3b,N
1348515,4a,N
1348515,4b,N
1348515,5,Y
1348515,6a,Y
1348515,6b,N
1348515,7a,N
1348515,7b,N
1348515,8a,N
1348515,8b,N
1348515,9,N
1348515,10,N
1348515,11a,N
1348515,11b,N
1348515,12a,N
1348515,12b,N
1353489,3a,N
1353489,3b,N
1353489,4a,Y
1353489,4b,N
1353489,5,Y
1353489,6a,Y
1353489,6b,N
1353489,7a,N
1353489,7b,N
1353489,8a,N
1353489,8b,N
1353489,9,N
1353489,10,N
1353489,11a,N
1353489,11b,N
1353489,12a,Y
1353489,12b,N
1353510,3a,N
1353510,3b,N
1353510,4a,N
1353510,4b,N
1353510,5,N
1353510,6a,N
1353510,6b,N
1353510,7a,N
1353510,7b,N
1353510,8a,N
1353510,8b,Y
1353510,9,N
1353510,10,N
1353510,11a,N
1353510,11b,N
1353510,12a,N
1353510,12b,N
1353804,3a,N
1353804,3b,N
1353804,4a,N
1353804,4b,N
1353804,5,N
1353804,6a,N
1353804,6b,N
1353804,7a,N
1353804,7b,N
1353804,8a,N
1353804,8b,N
1353804,9,N
1353804,10,N
1353804,11a,N
1353804,11b,N
1353804,12a,N
1353804,12b,N
1354085,3a,Y
1354085,3b,N
1354085,4a,N
1354085,4b,N
1354085,5,Y
1354085,6a,Y
1354085,6b,N
1354085,7a,N
1354085,7b,N
1354085,8a,Y
1354085,8b,N
1354085,9,Y
1354085,10,N
1354085,11a,Y
1354085,11b,N
1354085,12a,Y
1354085,12b,N
1354275,3a,N
1354275,3b,N
1354275,4a,N
1354275,4b,N
1354275,5,Y
1354275,6a,Y
1354275,6b,N
1354275,7a,N
1354275,7b,N
1354275,8a,N
1354275,8b,N
1354275,9,N
1354275,10,N
1354275,11a,N
1354275,11b,N
1354275,12a,N
1354275,12b,N
1355629,3a,N
1355629,3b,N
1355629,4a,Y
1355629,4b,N
1355629,5,Y
1355629,6a,Y
1355629,6b,N
1355629,7a,N
1355629,7b,N
1355629,8a,N
1355629,8b,N
1355629,9,N
1355629,10,N
1355629,11a,N
1355629,11b,N
1355629,12a,Y
1355629,12b,N
1357242,3a,N
1357242,3b,N
1357242,4a,N
1357242,4b,N
1357242,5,N
1357242,6a,Y
1357242,6b,N
1357242,7a,Y
1357242,7b,N
1357242,8a,N
1357242,8b,N
1357242,9,N
1357242,10,N
1357242,11a,N
1357242,11b,N
1357242,12a,Y
1357242,12b,N
1357306,3a,N
1357306,3b,N
1357306,4a,N
1357306,4b,N
1357306,5,N
1357306,6a,N
1357306,6b,N
1357306,7a,N
1357306,7b,N
1357306,8a,N
1357306,8b,N
1357306,9,N
1357306,10,N
1357306,11a,N
1357306,11b,N
1357306,12a,N
1357306,12b,N
1359260,3a,N
1359260,3b,N
1359260,4a,Y
1359260,4b,N
1359260,5,N
1359260,6a,N
1359260,6b,N
1359260,7a,Y
1359260,7b,N
1359260,8a,N
1359260,8b,Y
1359260,9,N
1359260,10,N
1359260,11a,N
1359260,11b,N
1359260,12a,N
1359260,12b,N
1360087,3a,N
1360087,3b,N
1360087,4a,N
1360087,4b,N
1360087,5,N
1360087,6a,N
1360087,6b,N
1360087,7a,N
1360087,7b,N
1360087,8a,N
1360087,8b,N
1360087,9,N
1360087,10,N
1360087,11a,N
1360087,11b,N
1360087,12a,N
1360087,12b,N
1370264,3a,N
1370264,3b,N
1370264,4a,N
1370264,4b,N
1370264,5,Y
1370264,6a,N
1370264,6b,N
1370264,7a,N
1370264,7b,N
1370264,8a,N
1370264,8b,N
1370264,9,N
1370264,10,N
1370264,11a,N
1370264,11b,N
1370264,12a,N
1370264,12b,N
1379739,3a,Y
1379739,3b,N
1379739,4a,Y
1379739,4b,N
1379739,5,Y
1379739,6a,Y
1379739,6b,N
1379739,7a,N
1379739,7b,N
1379739,8a,N
1379739,8b,N
1379739,9,N
1379739,10,N
1379739,11a,N
1379739,11b,Y
1379739,12a,N
1379739,12b,N
1384949,3a,N
1384949,3b,N
1384949,4a,Y
1384949,4b,N
1384949,5,Y
1384949,6a,Y
1384949,6b,N
1384949,7a,N
1384949,7b,N
1384949,8a,N
1384949,8b,N
1384949,9,Y
1384949,10,N
1384949,11a,N
1384949,11b,N
1384949,12a,Y
1384949,12b,N
1385036,3a,N
1385036,3b,N
1385036,4a,Y
1385036,4b,N
1385036,5,Y
1385036,6a,Y
1385036,6b,N
1385036,7a,Y
1385036,7b,Y
1385036,8a,N
1385036,8b,N
1385036,9,N
1385036,10,N
1385036,11a,Y
1385036,11b,N
1385036,12a,Y
1385036,12b,N
1386491,3a,N
1386491,3b,N
1386491,4a,N
1386491,4b,N
1386491,5,N
1386491,6a,N
1386491,6b,N
1386491,7a,N
1386491,7b,N
1386491,8a,N
1386491,8b,N
1386491,9,N
1386491,10,N
1386491,11a,N
1386491,11b,N
1386491,12a,N
1386491,12b,N
1387445,3a,N
1387445,3b,N
1387445,4a,N
1387445,4b,N
1387445,5,Y
1387445,6a,Y
1387445,6b,N
1387445,7a,N
1387445,7b,N
1387445,8a,N
1387445,8b,N
1387445,9,N
1387445,10,N
1387445,11a,N
1387445,11b,N
1387445,12a,N
1387445,12b,N
1389702,3a,N
1389702,3b,N
1389702,4a,N
1389702,4b,N
1389702,5,N
1389702,6a,Y
1389702,6b,N
1389702,7a,Y
1389702,7b,N
1389702,8a,N
1389702,8b,N
1389702,9,N
1389702,10,N
1389702,11a,N
1389702,11b,N
1389702,12a,N
1389702,12b,N
1389731,3a,N
1389731,3b,N
1389731,4a,N
1389731,4b,N
1389731,5,N
1389731,6a,Y
1389731,6b,N
1389731,7a,N
1389731,7b,N
1389731,8a,N
1389731,8b,N
1389731,9,N
1389731,10,N
1389731,11a,N
1389731,11b,N
1389731,12a,N
1389731,12b,N
1392697,3a,Y
1392697,3b,N
1392697,4a,Y
1392697,4b,N
1392697,5,Y
1392697,6a,Y
1392697,6b,N
1392697,7a,N
1392697,7b,N
1392697,8a,N
1392697,8b,N
1392697,9,N
1392697,10,N
1392697,11a,N
1392697,11b,Y
1392697,12a,Y
1392697,12b,N
1392698,3a,N
1392698,3b,N
1392698,4a,N
1392698,4b,N
1392698,5,Y
1392698,6a,Y
1392698,6b,N
1392698,7a,N
1392698,7b,N
1392698,8a,N
1392698,8b,N
1392698,9,N
1392698,10,N
1392698,11a,Y
1392698,11b,N
1392698,12a,Y
1392698,12b,N
1395766,3a,N
1395766,3b,N
1395766,4a,N
1395766,4b,N
1395766,5,Y
1395766,6a,Y
1395766,6b,N
1395766,7a,N
1395766,7b,N
1395766,8a,N
1395766,8b,N
1395766,9,N
1395766,10,N
1395766,11a,N
1395766,11b,N
1395766,12a,Y
1395766,12b,N
13679527,3a,N
13679527,3b,N
13679527,4a,Y
13679527,4b,Y
13679527,5,Y
13679527,6a,Y
13679527,6b,N
13679527,7a,Y
13679527,7b,N
13679527,8a,Y
13679527,8b,Y
13679527,9,N
13679527,10,Y
13679527,11a,Y
13679527,11b,N
13679527,12a,Y
13679527,12b,N
13680036,3a,N
13680036,3b,N
13680036,4a,N
13680036,4b,N
13680036,5,N
13680036,6a,N
13680036,6b,N
13680036,7a,N
13680036,7b,N
13680036,8a,N
13680036,8b,N
13680036,9,N
13680036,10,N
13680036,11a,N
13680036,11b,N
13680036,12a,Y
13680036,12b,N
137921,3a,N
137921,3b,N
137921,4a,N
137921,4b,N
137921,5,N
137921,6a,N
137921,6b,N
137921,7a,N
137921,7b,N
137921,8a,N
137921,8b,N
137921,9,N
137921,10,N
137921,11a,N
137921,11b,N
137921,12a,N
137921,12b,N
1313864,3a,N
1313864,3b,N
1313864,4a,N
1313864,4b,N
1313864,5,N
1313864,6a,N
1313864,6b,N
1313864,7a,N
1313864,7b,N
1313864,8a,N
1313864,8b,N
1313864,9,N
1313864,10,N
1313864,11a,N
1313864,11b,N
1313864,12a,N
1313864,12b,N
1329618,3a,N
1329618,3b,N
1329618,4a,N
1329618,4b,N
1329618,5,N
1329618,6a,N
1329618,6b,N
1329618,7a,Y
1329618,7b,N
1329618,8a,N
1329618,8b,N
1329618,9,N
1329618,10,N
1329618,11a,N
1329618,11b,N
1329618,12a,N
1329618,12b,N
1341246,3a,N
1341246,3b,N
1341246,4a,N
1341246,4b,N
1341246,5,N
1341246,6a,Y
1341246,6b,N
1341246,7a,N
1341246,7b,N
1341246,8a,N
1341246,8b,N
1341246,9,N
1341246,10,N
1341246,11a,N
1341246,11b,N
1341246,12a,N
1341246,12b,N
1345041,3a,N
1345041,3b,N
1345041,4a,N
1345041,4b,N
1345041,5,N
1345041,6a,Y
1345041,6b,N
1345041,7a,N
1345041,7b,N
1345041,8a,N
1345041,8b,N
1345041,9,N
1345041,10,N
1345041,11a,N
1345041,11b,N
1345041,12a,Y
1345041,12b,N
1345826,3a,N
1345826,3b,N
1345826,4a,N
1345826,4b,N
1345826,5,N
1345826,6a,N
1345826,6b,N
1345826,7a,N
1345826,7b,N
1345826,8a,N
1345826,8b,N
1345826,9,N
1345826,10,N
1345826,11a,N
1345826,11b,N
1345826,12a,N
1345826,12b,N
1345870,3a,N
1345870,3b,N
1345870,4a,N
1345870,4b,N
1345870,5,Y
1345870,6a,Y
1345870,6b,N
1345870,7a,N
1345870,7b,N
1345870,8a,N
1345870,8b,N
1345870,9,N
1345870,10,N
1345870,11a,Y
1345870,11b,N
1345870,12a,N
1345870,12b,N
1345953,3a,N
1345953,3b,N
1345953,4a,N
1345953,4b,N
1345953,5,N
1345953,6a,N
1345953,6b,N
1345953,7a,N
1345953,7b,N
1345953,8a,N
1345953,8b,N
1345953,9,N
1345953,10,N
1345953,11a,N
1345953,11b,N
1345953,12a,N
1345953,12b,N
1346408,3a,N
1346408,3b,N
1346408,4a,N
1346408,4b,N
1346408,5,N
1346408,6a,N
1346408,6b,N
1346408,7a,N
1346408,7b,N
1346408,8a,N
1346408,8b,N
1346408,9,N
1346408,10,N
1346408,11a,N
1346408,11b,N
1346408,12a,N
1346408,12b,N
1346817,3a,N
1346817,3b,N
1346817,4a,N
1346817,4b,N
1346817,5,Y
1346817,6a,Y
1346817,6b,N
1346817,7a,N
1346817,7b,N
1346817,8a,N
1346817,8b,N
1346817,9,N
1346817,10,N
1346817,11a,N
1346817,11b,N
1346817,12a,N
1346817,12b,N
1346818,3a,N
1346818,3b,N
1346818,4a,N
1346818,4b,N
1346818,5,N
1346818,6a,N
1346818,6b,N
1346818,7a,N
1346818,7b,N
1346818,8a,N
1346818,8b,N
1346818,9,N
1346818,10,N
1346818,11a,N
1346818,11b,N
1346818,12a,N
1346818,12b,N
1347336,3a,N
1347336,3b,N
1347336,4a,N
1347336,4b,N
1347336,5,N
1347336,6a,N
1347336,6b,N
1347336,7a,N
1347336,7b,N
1347336,8a,N
1347336,8b,N
1347336,9,N
1347336,10,N
1347336,11a,N
1347336,11b,N
1347336,12a,N
1347336,12b,N
1347854,3a,N
1347854,3b,N
1347854,4a,N
1347854,4b,N
1347854,5,N
1347854,6a,N
1347854,6b,N
1347854,7a,N
1347854,7b,N
1347854,8a,N
1347854,8b,N
1347854,9,N
1347854,10,N
1347854,11a,N
1347854,11b,N
1347854,12a,N
1347854,12b,N
1347857,3a,N
1347857,3b,N
1347857,4a,N
1347857,4b,N
1347857,5,N
1347857,6a,N
1347857,6b,N
1347857,7a,N
1347857,7b,N
1347857,8a,N
1347857,8b,N
1347857,9,N
1347857,10,N
1347857,11a,N
1347857,11b,N
1347857,12a,N
1347857,12b,N
1348797,3a,N
1348797,3b,N
1348797,4a,N
1348797,4b,Y
1348797,5,N
1348797,6a,N
1348797,6b,N
1348797,7a,N
1348797,7b,N
1348797,8a,N
1348797,8b,N
1348797,9,N
1348797,10,N
1348797,11a,N
1348797,11b,N
1348797,12a,N
1348797,12b,N
1348805,3a,N
1348805,3b,N
1348805,4a,N
1348805,4b,N
1348805,5,N
1348805,6a,N
1348805,6b,N
1348805,7a,N
1348805,7b,N
1348805,8a,N
1348805,8b,N
1348805,9,N
1348805,10,N
1348805,11a,N
1348805,11b,N
1348805,12a,N
1348805,12b,N
1349062,3a,N
1349062,3b,N
1349062,4a,N
1349062,4b,N
1349062,5,N
1349062,6a,N
1349062,6b,N
1349062,7a,N
1349062,7b,N
1349062,8a,N
1349062,8b,N
1349062,9,N
1349062,10,N
1349062,11a,N
1349062,11b,N
1349062,12a,N
1349062,12b,N
1349666,3a,N
1349666,3b,N
1349666,4a,N
1349666,4b,N
1349666,5,N
1349666,6a,N
1349666,6b,N
1349666,7a,N
1349666,7b,N
1349666,8a,N
1349666,8b,N
1349666,9,N
1349666,10,N
1349666,11a,N
1349666,11b,N
1349666,12a,N
1349666,12b,N
1349676,3a,N
1349676,3b,N
1349676,4a,Y
1349676,4b,N
1349676,5,N
1349676,6a,Y
1349676,6b,N
1349676,7a,N
1349676,7b,N
1349676,8a,N
1349676,8b,N
1349676,9,N
1349676,10,N
1349676,11a,N
1349676,11b,N
1349676,12a,N
1349676,12b,N
1349990,3a,N
1349990,3b,N
1349990,4a,N
1349990,4b,N
1349990,5,N
1349990,6a,N
1349990,6b,N
1349990,7a,N
1349990,7b,N
1349990,8a,N
1349990,8b,N
1349990,9,N
1349990,10,N
1349990,11a,N
1349990,11b,N
1349990,12a,N
1349990,12b,N
1350803,3a,N
1350803,3b,N
1350803,4a,N
1350803,4b,Y
1350803,5,Y
1350803,6a,Y
1350803,6b,N
1350803,7a,N
1350803,7b,N
1350803,8a,N
1350803,8b,N
1350803,9,N
1350803,10,N
1350803,11a,N
1350803,11b,N
1350803,12a,N
1350803,12b,N
1350809,3a,N
1350809,3b,N
1350809,4a,N
1350809,4b,N
1350809,5,N
1350809,6a,N
1350809,6b,N
1350809,7a,N
1350809,7b,N
1350809,8a,N
1350809,8b,N
1350809,9,N
1350809,10,N
1350809,11a,N
1350809,11b,N
1350809,12a,N
1350809,12b,N
1351127,3a,N
1351127,3b,N
1351127,4a,N
1351127,4b,N
1351127,5,N
1351127,6a,N
1351127,6b,N
1351127,7a,N
1351127,7b,N
1351127,8a,N
1351127,8b,N
1351127,9,N
1351127,10,N
1351127,11a,N
1351127,11b,N
1351127,12a,N
1351127,12b,N
1351600,3a,N
1351600,3b,N
1351600,4a,N
1351600,4b,N
1351600,5,N
1351600,6a,Y
1351600,6b,N
1351600,7a,N
1351600,7b,N
1351600,8a,N
1351600,8b,N
1351600,9,N
1351600,10,N
1351600,11a,N
1351600,11b,N
1351600,12a,N
1351600,12b,N
1352024,3a,N
1352024,3b,N
1352024,4a,N
1352024,4b,N
1352024,5,N
1352024,6a,N
1352024,6b,N
1352024,7a,N
1352024,7b,N
1352024,8a,N
1352024,8b,N
1352024,9,N
1352024,10,N
1352024,11a,N
1352024,11b,N
1352024,12a,N
1352024,12b,N
1354274,3a,N
1354274,3b,N
1354274,4a,N
1354274,4b,N
1354274,5,N
1354274,6a,N
1354274,6b,N
1354274,7a,N
1354274,7b,N
1354274,8a,N
1354274,8b,N
1354274,9,N
1354274,10,N
1354274,11a,N
1354274,11b,N
1354274,12a,N
1354274,12b,N
1354276,3a,N
1354276,3b,N
1354276,4a,N
1354276,4b,N
1354276,5,N
1354276,6a,N
1354276,6b,N
1354276,7a,N
1354276,7b,N
1354276,8a,N
1354276,8b,N
1354276,9,N
1354276,10,N
1354276,11a,N
1354276,11b,N
1354276,12a,N
1354276,12b,N
1354432,3a,N
1354432,3b,N
1354432,4a,N
1354432,4b,N
1354432,5,Y
1354432,6a,Y
1354432,6b,N
1354432,7a,N
1354432,7b,N
1354432,8a,N
1354432,8b,N
1354432,9,N
1354432,10,N
1354432,11a,N
1354432,11b,N
1354432,12a,N
1354432,12b,N
1355209,3a,N
1355209,3b,N
1355209,4a,N
1355209,4b,N
1355209,5,Y
1355209,6a,N
1355209,6b,N
1355209,7a,N
1355209,7b,N
1355209,8a,N
1355209,8b,N
1355209,9,N
1355209,10,N
1355209,11a,Y
1355209,11b,N
1355209,12a,N
1355209,12b,N
1355798,3a,N
1355798,3b,N
1355798,4a,N
1355798,4b,N
1355798,5,N
1355798,6a,N
1355798,6b,N
1355798,7a,N
1355798,7b,N
1355798,8a,N
1355798,8b,N
1355798,9,N
1355798,10,N
1355798,11a,N
1355798,11b,N
1355798,12a,N
1355798,12b,N
1356176,3a,N
1356176,3b,N
1356176,4a,N
1356176,4b,N
1356176,5,Y
1356176,6a,Y
1356176,6b,N
1356176,7a,N
1356176,7b,N
1356176,8a,N
1356176,8b,N
1356176,9,N
1356176,10,N
1356176,11a,N
1356176,11b,N
1356176,12a,N
1356176,12b,N
1357297,3a,N
1357297,3b,N
1357297,4a,N
1357297,4b,N
1357297,5,N
1357297,6a,Y
1357297,6b,N
1357297,7a,N
1357297,7b,N
1357297,8a,N
1357297,8b,N
1357297,9,N
1357297,10,N
1357297,11a,N
1357297,11b,N
1357297,12a,N
1357297,12b,N
1357349,3a,N
1357349,3b,N
1357349,4a,N
1357349,4b,N
1357349,5,N
1357349,6a,N
1357349,6b,N
1357349,7a,N
1357349,7b,N
1357349,8a,N
1357349,8b,N
1357349,9,N
1357349,10,N
1357349,11a,N
1357349,11b,N
1357349,12a,N
1357349,12b,N
1357450,3a,N
1357450,3b,N
1357450,4a,N
1357450,4b,N
1357450,5,N
1357450,6a,N
1357450,6b,N
1357450,7a,N
1357450,7b,N
1357450,8a,N
1357450,8b,N
1357450,9,N
1357450,10,N
1357450,11a,N
1357450,11b,N
1357450,12a,N
1357450,12b,N
1357451,3a,N
1357451,3b,N
1357451,4a,N
1357451,4b,N
1357451,5,N
1357451,6a,Y
1357451,6b,N
1357451,7a,N
1357451,7b,N
1357451,8a,N
1357451,8b,N
1357451,9,N
1357451,10,N
1357451,11a,N
1357451,11b,N
1357451,12a,N
1357451,12b,N
1359210,3a,N
1359210,3b,N
1359210,4a,N
1359210,4b,N
1359210,5,N
1359210,6a,N
1359210,6b,N
1359210,7a,N
1359210,7b,N
1359210,8a,N
1359210,8b,N
1359210,9,N
1359210,10,N
1359210,11a,N
1359210,11b,N
1359210,12a,N
1359210,12b,N
1359211,3a,N
1359211,3b,N
1359211,4a,N
1359211,4b,N
1359211,5,N
1359211,6a,N
1359211,6b,N
1359211,7a,N
1359211,7b,N
1359211,8a,N
1359211,8b,N
1359211,9,N
1359211,10,N
1359211,11a,N
1359211,11b,N
1359211,12a,N
1359211,12b,N
1359258,3a,N
1359258,3b,N
1359258,4a,N
1359258,4b,N
1359258,5,N
1359258,6a,N
1359258,6b,N
1359258,7a,N
1359258,7b,N
1359258,8a,N
1359258,8b,N
1359258,9,N
1359258,10,N
1359258,11a,N
1359258,11b,N
1359258,12a,N
1359258,12b,N
1359318,3a,N
1359318,3b,N
1359318,4a,N
1359318,4b,N
1359318,5,N
1359318,6a,N
1359318,6b,N
1359318,7a,N
1359318,7b,N
1359318,8a,N
1359318,8b,N
1359318,9,N
1359318,10,N
1359318,11a,N
1359318,11b,N
1359318,12a,N
1359318,12b,N
1359322,3a,N
1359322,3b,N
1359322,4a,N
1359322,4b,N
1359322,5,N
1359322,6a,N
1359322,6b,N
1359322,7a,N
1359322,7b,N
1359322,8a,N
1359322,8b,N
1359322,9,N
1359322,10,N
1359322,11a,N
1359322,11b,N
1359322,12a,N
1359322,12b,N
1360032,3a,N
1360032,3b,N
1360032,4a,N
1360032,4b,N
1360032,5,N
1360032,6a,N
1360032,6b,N
1360032,7a,N
1360032,7b,N
1360032,8a,N
1360032,8b,N
1360032,9,N
1360032,10,N
1360032,11a,N
1360032,11b,N
1360032,12a,N
1360032,12b,N
1360558,3a,N
1360558,3b,N
1360558,4a,N
1360558,4b,N
1360558,5,N
1360558,6a,N
1360558,6b,N
1360558,7a,N
1360558,7b,N
1360558,8a,N
1360558,8b,N
1360558,9,N
1360558,10,N
1360558,11a,N
1360558,11b,N
1360558,12a,N
1360558,12b,N
1371323,3a,N
1371323,3b,N
1371323,4a,N
1371323,4b,N
1371323,5,N
1371323,6a,N
1371323,6b,N
1371323,7a,N
1371323,7b,N
1371323,8a,N
1371323,8b,N
1371323,9,N
1371323,10,N
1371323,11a,N
1371323,11b,N
1371323,12a,N
1371323,12b,N
1398229,3a,N
1398229,3b,N
1398229,4a,N
1398229,4b,N
1398229,5,N
1398229,6a,N
1398229,6b,N
1398229,7a,N
1398229,7b,N
1398229,8a,N
1398229,8b,N
1398229,9,N
1398229,10,N
1398229,11a,N
1398229,11b,N
1398229,12a,N
1398229,12b,N
13680386,3a,N
13680386,3b,N
13680386,4a,Y
13680386,4b,N
13680386,5,Y
13680386,6a,Y
13680386,6b,N
13680386,7a,N
13680386,7b,N
13680386,8a,N
13680386,8b,N
13680386,9,N
13680386,10,N
13680386,11a,N
13680386,11b,N
13680386,12a,Y
13680386,12b,N
